check,arm,arm_label,stratum,stratum_label,family,reference,set_rankable,n_configs,n_clusters,mean_edd,mean_family,mean_diff,ci_lo,ci_hi,margin,wilcoxon_p,holm_p,verdict,mean_own,best_family,mean_best,pct_from_best,n_configs_vs_best,n_clusters_vs_best,diff_vs_best,ci_lo_vs_best,ci_hi_vs_best,margin_vs_best,wilcoxon_p_vs_best,verdict_vs_best,in_best_set,seed_n,seed_min_mean,seed_median_mean,seed_max_mean,seed_sd,seed_spread_pct,seed_best,seed_worst
capacity,q0.95,p95 of weekly trade hours (Eval-B default),verdict,"verdict campuses (5, 9, 10, 12)",pfifo,edd,1,180,180,444.8689277777778,444.8689277777778,0.0,0.0,0.0,4.4486892777777785,1.0,1.0,equivalent,444.8689277777778,mlp_pool,444.7692744444445,0.02240562445726439,180.0,180.0,0.09965333333333001,-0.023139088888895806,0.2534000611111073,4.447692744444446,0.6009589593685324,equivalent,1.0,,,,,,,,
capacity,q0.95,p95 of weekly trade hours (Eval-B default),verdict,"verdict campuses (5, 9, 10, 12)",wspt,edd,1,180,180,444.8689277777778,446.6459477777778,1.7770200000000016,0.8131209999999991,2.9815152222222254,4.4486892777777785,3.072115880664133e-05,0.00021504811164648933,equivalent,446.6459477777778,mlp_pool,444.7692744444445,0.42194311549003544,180.0,180.0,1.8766733333333316,0.8539315944444424,3.1584928833333343,4.447692744444446,2.272981654121265e-05,equivalent,1.0,,,,,,,,
capacity,q0.95,p95 of weekly trade hours (Eval-B default),verdict,"verdict campuses (5, 9, 10, 12)",atc,edd,1,180,180,444.8689277777778,445.5551500000001,0.6862222222222215,0.1757066666666663,1.3236639999999964,4.4486892777777785,0.017290280592906253,0.08645140296453127,equivalent,445.55514999999997,mlp_pool,444.7692744444445,0.17669286093044964,180.0,180.0,0.7858755555555516,0.20838814444444487,1.5133952944444442,4.447692744444446,0.3388634843676721,equivalent,1.0,,,,,,,,
capacity,q0.95,p95 of weekly trade hours (Eval-B default),verdict,"verdict campuses (5, 9, 10, 12)",wmdd,edd,1,180,180,444.8689277777778,445.3319900000001,0.4630622222222251,0.10517333333333327,0.9357250000000121,4.4486892777777785,0.043114446783075355,0.17245778713230142,equivalent,445.33198999999996,mlp_pool,444.7692744444445,0.12651853171700445,180.0,180.0,0.5627155555555551,0.13322592777777317,1.1262728555555641,4.447692744444446,0.5253644261147148,equivalent,1.0,,,,,,,,
capacity,q0.95,p95 of weekly trade hours (Eval-B default),verdict,"verdict campuses (5, 9, 10, 12)",lpt,edd,1,180,180,444.8689277777778,445.5785988888889,0.70967111111111,-0.07355211111111101,2.1184785000000024,4.4486892777777785,0.1823383541807685,0.5470150625423055,equivalent,445.5785988888889,mlp_pool,444.7692744444445,0.1819650076897386,180.0,180.0,0.8093244444444401,0.036132194444441254,2.2441630388888876,4.447692744444446,0.10395918339133761,equivalent,1.0,,,,,,,,
capacity,q0.95,p95 of weekly trade hours (Eval-B default),verdict,"verdict campuses (5, 9, 10, 12)",random,edd,1,180,180,444.8689277777778,446.3160666666667,1.4471388888888845,0.4604827499999963,2.7905759999999953,4.4486892777777785,0.00025021619831076065,0.001501297189864564,equivalent,446.3160666666667,mlp_pool,444.7692744444445,0.34777407323253184,180.0,180.0,1.5467922222222146,0.542883988888879,2.9585688944444373,4.447692744444446,8.492017308270738e-05,equivalent,1.0,,,,,,,,
capacity,q0.95,p95 of weekly trade hours (Eval-B default),verdict,"verdict campuses (5, 9, 10, 12)",mlp_pool,edd,1,180,180,444.8689277777778,444.76927444444453,-0.09965333333333001,-0.2562064222222175,0.021233183333337718,4.4486892777777785,0.6009589593685324,1.0,equivalent,444.7692744444445,mlp_pool,444.7692744444445,0.0,180.0,180.0,0.0,0.0,0.0,4.447692744444445,1.0,equivalent,1.0,10.0,444.68101666666666,444.75818777777783,444.95305222222225,0.08050311731987342,0.06117543707955253,v2rl302,v2rl309
capacity,q0.95,p95 of weekly trade hours (Eval-B default),verdict,"verdict campuses (5, 9, 10, 12)",edd,edd,1,180,180,444.8689277777778,444.8689277777778,0.0,0.0,0.0,4.4486892777777785,1.0,1.0,reference,444.8689277777778,mlp_pool,444.7692744444445,0.02240562445726439,180.0,180.0,0.09965333333333001,-0.024043444444447903,0.2577565333333369,4.447692744444446,0.6009589593685324,equivalent,1.0,,,,,,,,
capacity,q0.95,p95 of weekly trade hours (Eval-B default),campus1,campus 1 (transfer),pfifo,edd,1,30,30,80.41734666666666,80.41734666666666,0.0,0.0,0.0,1.0,1.0,1.0,equivalent,80.41734666666666,atc,80.41734666666666,0.0,30.0,30.0,0.0,0.0,0.0,1.0,1.0,equivalent,1.0,,,,,,,,
capacity,q0.95,p95 of weekly trade hours (Eval-B default),campus1,campus 1 (transfer),wspt,edd,1,30,30,80.41734666666666,81.29713333333332,0.8797866666666664,0.0,2.292906666666666,1.0,0.17971249487899976,1.0,inconclusive,81.29713333333332,atc,80.41734666666666,1.0940259821222578,30.0,30.0,0.8797866666666664,0.0,2.292906666666666,1.0,0.17971249487899976,inconclusive,0.0,,,,,,,,
capacity,q0.95,p95 of weekly trade hours (Eval-B default),campus1,campus 1 (transfer),atc,edd,1,30,30,80.41734666666666,80.41734666666666,0.0,0.0,0.0,1.0,1.0,1.0,equivalent,80.41734666666666,atc,80.41734666666666,0.0,30.0,30.0,0.0,0.0,0.0,1.0,1.0,equivalent,1.0,,,,,,,,
capacity,q0.95,p95 of weekly trade hours (Eval-B default),campus1,campus 1 (transfer),wmdd,edd,1,30,30,80.41734666666666,80.41734666666666,0.0,0.0,0.0,1.0,1.0,1.0,equivalent,80.41734666666666,atc,80.41734666666666,0.0,30.0,30.0,0.0,0.0,0.0,1.0,1.0,equivalent,1.0,,,,,,,,
capacity,q0.95,p95 of weekly trade hours (Eval-B default),campus1,campus 1 (transfer),lpt,edd,1,30,30,80.41734666666666,80.41734666666666,0.0,0.0,0.0,1.0,1.0,1.0,equivalent,80.41734666666666,atc,80.41734666666666,0.0,30.0,30.0,0.0,0.0,0.0,1.0,1.0,equivalent,1.0,,,,,,,,
capacity,q0.95,p95 of weekly trade hours (Eval-B default),campus1,campus 1 (transfer),random,edd,1,30,30,80.41734666666666,81.12109333333335,0.7037466666666667,0.0,1.7748666666666664,1.0,0.17971249487899976,1.0,inconclusive,81.12109333333333,atc,80.41734666666666,0.8751179886396084,30.0,30.0,0.7037466666666667,0.0,1.7748666666666664,1.0,0.17971249487899976,inconclusive,0.0,,,,,,,,
capacity,q0.95,p95 of weekly trade hours (Eval-B default),campus1,campus 1 (transfer),mlp_pool,edd,1,30,30,80.41734666666666,80.41734666666666,1.8947806286936005e-15,0.0,5.684341886080802e-15,1.0,0.31731050786291415,1.0,equivalent,80.41734666666666,atc,80.41734666666666,0.0,30.0,30.0,1.8947806286936005e-15,0.0,5.684341886080802e-15,1.0,0.31731050786291415,equivalent,1.0,10.0,80.41734666666666,80.41734666666666,80.41734666666666,1.4979556132593925e-14,0.0,v2rl301,v2rl310
capacity,q0.95,p95 of weekly trade hours (Eval-B default),campus1,campus 1 (transfer),edd,edd,1,30,30,80.41734666666666,80.41734666666666,0.0,0.0,0.0,1.0,1.0,1.0,reference,80.41734666666666,atc,80.41734666666666,0.0,30.0,30.0,0.0,0.0,0.0,1.0,1.0,equivalent,1.0,,,,,,,,
capacity,q0.95,p95 of weekly trade hours (Eval-B default),campus2,campus 2 (nonstationary overload),pfifo,edd,1,17,17,1311.322141176471,1311.322141176471,0.0,0.0,0.0,13.11322141176471,1.0,1.0,equivalent,1311.3221411764705,wmdd,1218.2288470588235,7.641691816968763,17.0,17.0,93.09329411764713,-16.45844176470588,242.26594735294128,12.182288470588235,0.8588630128278887,inconclusive,0.0,,,,,,,,
capacity,q0.95,p95 of weekly trade hours (Eval-B default),campus2,campus 2 (nonstationary overload),wspt,edd,1,17,17,1311.322141176471,1291.2388588235294,-20.083282352941236,-154.8081844117648,90.78184147058815,13.11322141176471,0.15195618574341052,0.6078247429736421,inconclusive,1291.2388588235294,wmdd,1218.2288470588235,5.993127805253867,17.0,17.0,73.01001176470588,36.335487058823496,115.52538117647059,12.182288470588235,0.0014737808438751421,worse,0.0,,,,,,,,
capacity,q0.95,p95 of weekly trade hours (Eval-B default),campus2,campus 2 (nonstationary overload),atc,edd,1,17,17,1311.322141176471,1252.115717647059,-59.206423529411786,-189.72089735294122,39.87595441176471,13.11322141176471,0.5302845968336095,1.0,inconclusive,1252.1157176470588,wmdd,1218.2288470588235,2.7816506455292496,17.0,17.0,33.88687058823534,12.678118235294107,59.59635588235305,12.182288470588235,0.004741768038406972,worse,0.0,,,,,,,,
capacity,q0.95,p95 of weekly trade hours (Eval-B default),campus2,campus 2 (nonstationary overload),wmdd,edd,1,17,17,1311.322141176471,1218.2288470588235,-93.09329411764713,-236.23732323529424,15.535894999999941,13.11322141176471,0.8588630128278887,1.0,inconclusive,1218.2288470588235,wmdd,1218.2288470588235,0.0,17.0,17.0,0.0,0.0,0.0,12.182288470588235,1.0,equivalent,1.0,,,,,,,,
capacity,q0.95,p95 of weekly trade hours (Eval-B default),campus2,campus 2 (nonstationary overload),lpt,edd,1,17,17,1311.322141176471,2615.1118352941176,1303.7896941176468,627.1643552941174,2123.704832058823,13.11322141176471,0.0014737808438751421,0.010316465907125994,worse,2615.111835294117,wmdd,1218.2288470588235,114.66507229801657,17.0,17.0,1396.8829882352936,660.0913402941176,2230.334830588234,12.182288470588235,0.0018714329102470324,worse,0.0,,,,,,,,
capacity,q0.95,p95 of weekly trade hours (Eval-B default),campus2,campus 2 (nonstationary overload),random,edd,1,17,17,1311.322141176471,1636.0305647058824,324.70842352941173,122.58644264705883,557.8767361764704,13.11322141176471,0.0057715890441035304,0.028857945220517652,worse,1636.0305647058824,wmdd,1218.2288470588235,34.2958319084103,17.0,17.0,417.80171764705887,213.26975794117647,664.9328270588237,12.182288470588235,0.0018714329102470324,worse,0.0,,,,,,,,
capacity,q0.95,p95 of weekly trade hours (Eval-B default),campus2,campus 2 (nonstationary overload),mlp_pool,edd,1,17,17,1311.322141176471,1649.8628376470588,338.5406964705882,137.65639861764708,583.0419148529407,13.11322141176471,0.0028734139278525227,0.017240483567115137,worse,1649.8628376470588,wmdd,1218.2288470588235,35.43127316598451,17.0,17.0,431.63399058823535,172.4510287352942,753.022290352941,12.182288470588235,0.0028734139278525227,worse,0.0,10.0,1324.8887411764706,1607.4293176470587,2171.692823529412,265.80567105106036,63.91510894726142,v2rl310,v2rl303
capacity,q0.95,p95 of weekly trade hours (Eval-B default),campus2,campus 2 (nonstationary overload),edd,edd,1,17,17,1311.322141176471,1311.322141176471,0.0,0.0,0.0,13.11322141176471,1.0,1.0,reference,1311.3221411764705,wmdd,1218.2288470588235,7.641691816968763,17.0,17.0,93.09329411764713,-15.50371794117642,240.15093529411752,12.182288470588235,0.8588630128278887,inconclusive,0.0,,,,,,,,
capacity,q0.90,p90 of weekly trade hours,verdict,"verdict campuses (5, 9, 10, 12)",pfifo,edd,1,180,180,446.52333,446.52333,0.0,0.0,0.0,4.4652333,1.0,1.0,equivalent,446.52333,mlp_pool,446.2697978888889,0.0568113980176231,180.0,180.0,0.25353211111110807,0.04111167222221527,0.5237662472222195,4.462697978888889,0.22480861647072492,equivalent,1.0,,,,,,,,
capacity,q0.90,p90 of weekly trade hours,verdict,"verdict campuses (5, 9, 10, 12)",wspt,edd,1,180,180,446.52333,448.9091166666667,2.3857866666666645,1.269568027777766,3.7140177222222155,4.4652333,1.0557245560392223e-06,7.390071892274556e-06,equivalent,448.9091166666667,mlp_pool,446.2697978888889,0.5914177455573517,180.0,180.0,2.6393187777777722,1.3745358166666657,4.1478275833333225,4.462697978888889,4.532837704887769e-07,equivalent,1.0,,,,,,,,
capacity,q0.90,p90 of weekly trade hours,verdict,"verdict campuses (5, 9, 10, 12)",atc,edd,1,180,180,446.52333,447.4043866666667,0.8810566666666622,0.20089294444444614,1.787222611111112,4.4652333,0.007645761692991623,0.03822880846495812,equivalent,447.4043866666667,mlp_pool,446.2697978888889,0.25423830676982284,180.0,180.0,1.1345887777777703,0.3242639527777723,2.1902331055555453,4.462697978888889,0.03447680044796448,equivalent,1.0,,,,,,,,
capacity,q0.90,p90 of weekly trade hours,verdict,"verdict campuses (5, 9, 10, 12)",wmdd,edd,1,180,180,446.52333,446.9786177777778,0.45528777777777807,0.10245888888888935,0.903299472222225,4.4652333,0.017960477526078766,0.07184191010431507,equivalent,446.9786177777778,mlp_pool,446.2697978888889,0.15883214419663488,180.0,180.0,0.7088198888888861,0.19247366111110847,1.3832303361111105,4.462697978888889,0.06896094423635253,equivalent,1.0,,,,,,,,
capacity,q0.90,p90 of weekly trade hours,verdict,"verdict campuses (5, 9, 10, 12)",lpt,edd,1,180,180,446.52333,449.60809666666665,3.084766666666668,0.11668972222222247,7.444257555555561,4.4652333,0.07118923429208965,0.21356770287626894,inconclusive,449.60809666666665,mlp_pool,446.2697978888889,0.7480449704572942,180.0,180.0,3.3382987777777764,0.2719507833333326,7.904186333333337,4.462697978888889,0.21788862884948257,inconclusive,0.0,,,,,,,,
capacity,q0.90,p90 of weekly trade hours,verdict,"verdict campuses (5, 9, 10, 12)",random,edd,1,180,180,446.52333,448.9651344444445,2.4418044444444407,0.9060829444444458,4.403583222222222,4.4652333,7.19729361063638e-05,0.0004318376166381828,equivalent,448.9651344444444,mlp_pool,446.2697978888889,0.60397019209142,180.0,180.0,2.6953365555555493,1.0440305694444367,4.855116047222208,4.462697978888889,4.981720872003948e-05,inconclusive,0.0,,,,,,,,
capacity,q0.90,p90 of weekly trade hours,verdict,"verdict campuses (5, 9, 10, 12)",mlp_pool,edd,1,180,180,446.52333,446.2697978888889,-0.25353211111110807,-0.5323723611111121,-0.041817827777772855,4.4652333,0.22480861647072492,0.44961723294144984,equivalent,446.2697978888889,mlp_pool,446.2697978888889,0.0,180.0,180.0,0.0,0.0,0.0,4.462697978888889,1.0,equivalent,1.0,10.0,446.13819888888884,446.2071644444444,446.59578555555555,0.14440893045700395,0.10256612587900005,v2rl301,v2rl306
capacity,q0.90,p90 of weekly trade hours,verdict,"verdict campuses (5, 9, 10, 12)",edd,edd,1,180,180,446.52333,446.52333,0.0,0.0,0.0,4.4652333,1.0,1.0,reference,446.52333,mlp_pool,446.2697978888889,0.0568113980176231,180.0,180.0,0.25353211111110807,0.041836716666661486,0.5264113333333282,4.462697978888889,0.22480861647072492,equivalent,1.0,,,,,,,,
capacity,q0.90,p90 of weekly trade hours,campus1,campus 1 (transfer),pfifo,edd,1,30,30,80.41734666666666,80.41734666666666,0.0,0.0,0.0,1.0,1.0,1.0,equivalent,80.41734666666666,atc,80.41734666666666,0.0,30.0,30.0,0.0,0.0,0.0,1.0,1.0,equivalent,1.0,,,,,,,,
capacity,q0.90,p90 of weekly trade hours,campus1,campus 1 (transfer),wspt,edd,1,30,30,80.41734666666666,81.58550666666666,1.16816,0.0,2.937106666666667,1.0,0.17971249487899976,1.0,inconclusive,81.58550666666666,atc,80.41734666666666,1.4526219135805032,30.0,30.0,1.16816,0.0,2.937106666666667,1.0,0.17971249487899976,inconclusive,0.0,,,,,,,,
capacity,q0.90,p90 of weekly trade hours,campus1,campus 1 (transfer),atc,edd,1,30,30,80.41734666666666,80.41734666666666,0.0,0.0,0.0,1.0,1.0,1.0,equivalent,80.41734666666666,atc,80.41734666666666,0.0,30.0,30.0,0.0,0.0,0.0,1.0,1.0,equivalent,1.0,,,,,,,,
capacity,q0.90,p90 of weekly trade hours,campus1,campus 1 (transfer),wmdd,edd,1,30,30,80.41734666666666,80.41734666666666,0.0,0.0,0.0,1.0,1.0,1.0,equivalent,80.41734666666666,atc,80.41734666666666,0.0,30.0,30.0,0.0,0.0,0.0,1.0,1.0,equivalent,1.0,,,,,,,,
capacity,q0.90,p90 of weekly trade hours,campus1,campus 1 (transfer),lpt,edd,1,30,30,80.41734666666666,80.41734666666666,0.0,0.0,0.0,1.0,1.0,1.0,equivalent,80.41734666666666,atc,80.41734666666666,0.0,30.0,30.0,0.0,0.0,0.0,1.0,1.0,equivalent,1.0,,,,,,,,
capacity,q0.90,p90 of weekly trade hours,campus1,campus 1 (transfer),random,edd,1,30,30,80.41734666666666,80.88776,0.47041333333333457,0.0,1.4074933333333357,1.0,0.17971249487899976,1.0,inconclusive,80.88776,atc,80.41734666666666,0.5849650017467296,30.0,30.0,0.47041333333333457,0.0,1.4074933333333357,1.0,0.17971249487899976,inconclusive,0.0,,,,,,,,
capacity,q0.90,p90 of weekly trade hours,campus1,campus 1 (transfer),mlp_pool,edd,1,30,30,80.41734666666666,80.41734666666666,1.8947806286936005e-15,0.0,5.684341886080802e-15,1.0,0.31731050786291415,1.0,equivalent,80.41734666666666,atc,80.41734666666666,0.0,30.0,30.0,1.8947806286936005e-15,0.0,5.684341886080802e-15,1.0,0.31731050786291415,equivalent,1.0,10.0,80.41734666666666,80.41734666666666,80.41734666666666,1.4979556132593925e-14,0.0,v2rl301,v2rl310
capacity,q0.90,p90 of weekly trade hours,campus1,campus 1 (transfer),edd,edd,1,30,30,80.41734666666666,80.41734666666666,0.0,0.0,0.0,1.0,1.0,1.0,reference,80.41734666666666,atc,80.41734666666666,0.0,30.0,30.0,0.0,0.0,0.0,1.0,1.0,equivalent,1.0,,,,,,,,
capacity,q0.90,p90 of weekly trade hours,campus2,campus 2 (nonstationary overload),pfifo,edd,1,17,17,1770.1799882352943,1770.1799882352943,0.0,0.0,0.0,17.701799882352944,1.0,1.0,equivalent,1770.1799882352943,wmdd,1417.143705882353,24.911819520316826,17.0,17.0,353.03628235294116,58.43811441176477,748.0496664705879,14.17143705882353,0.30028987962532416,worse,0.0,,,,,,,,
capacity,q0.90,p90 of weekly trade hours,campus2,campus 2 (nonstationary overload),wspt,edd,1,17,17,1770.1799882352943,1519.5474,-250.6325882352942,-627.4521052941177,28.57780911764699,17.701799882352944,0.7332713908212207,1.0,inconclusive,1519.5474000000002,wmdd,1417.143705882353,7.226062797483739,17.0,17.0,102.40369411764696,50.42193058823521,161.96261235294097,14.17143705882353,0.001887179308509098,worse,0.0,,,,,,,,
capacity,q0.90,p90 of weekly trade hours,campus2,campus 2 (nonstationary overload),atc,edd,1,17,17,1770.1799882352943,1480.3090470588236,-289.87094117647064,-689.2603388235291,-9.212510588235434,17.701799882352944,0.7775646168566407,1.0,inconclusive,1480.3090470588236,wmdd,1417.143705882353,4.457229066768639,17.0,17.0,63.16534117647058,26.167381176470503,108.51592588235286,14.17143705882353,0.002610776740525937,worse,0.0,,,,,,,,
capacity,q0.90,p90 of weekly trade hours,campus2,campus 2 (nonstationary overload),wmdd,edd,1,17,17,1770.1799882352943,1417.143705882353,-353.03628235294116,-740.6530208823527,-59.857730882353145,17.701799882352944,0.30028987962532416,1.0,better,1417.143705882353,wmdd,1417.143705882353,0.0,17.0,17.0,0.0,0.0,0.0,14.17143705882353,1.0,equivalent,1.0,,,,,,,,
capacity,q0.90,p90 of weekly trade hours,campus2,campus 2 (nonstationary overload),lpt,edd,1,17,17,1770.1799882352943,4148.89562352941,2378.7156352941174,1136.8611335294117,3869.216303823528,17.701799882352944,0.0009815397525216685,0.00687077826765168,worse,4148.895623529411,wmdd,1417.143705882353,192.76463680486043,17.0,17.0,2731.7519176470582,1275.6451052941175,4399.806606470584,14.17143705882353,0.0008052762369668134,worse,0.0,,,,,,,,
capacity,q0.90,p90 of weekly trade hours,campus2,campus 2 (nonstationary overload),random,edd,1,17,17,1770.1799882352943,2333.274188235295,563.0942,127.00824941176471,1125.9488370588224,17.701799882352944,0.014596605678345812,0.07298302839172906,worse,2333.2741882352943,wmdd,1417.143705882353,64.64626548106729,17.0,17.0,916.1304823529413,400.6712282352942,1548.1312929411763,14.17143705882353,0.0012250235420688657,worse,0.0,,,,,,,,
capacity,q0.90,p90 of weekly trade hours,campus2,campus 2 (nonstationary overload),mlp_pool,edd,1,17,17,1770.1799882352943,2470.8760576470586,700.6960694117644,306.6625491764704,1184.8989247058823,17.701799882352944,0.0014697736899423487,0.008818642139654092,worse,2470.8760576470586,wmdd,1417.143705882353,74.35606899927079,17.0,17.0,1053.7323517647058,462.39928899999984,1717.6096325294113,14.17143705882353,0.004514052854917141,worse,0.0,10.0,1752.254105882353,2395.214670588235,3341.883294117647,614.5915979133127,90.7191019212839,v2rl310,v2rl303
capacity,q0.90,p90 of weekly trade hours,campus2,campus 2 (nonstationary overload),edd,edd,1,17,17,1770.1799882352943,1770.1799882352943,0.0,0.0,0.0,17.701799882352944,1.0,1.0,reference,1770.1799882352943,wmdd,1417.143705882353,24.911819520316826,17.0,17.0,353.03628235294116,58.938567352941256,748.5258967647057,14.17143705882353,0.30028987962532416,worse,0.0,,,,,,,,
capacity,q0.75,p75 of weekly trade hours,verdict,"verdict campuses (5, 9, 10, 12)",pfifo,edd,1,180,180,462.1728811111112,462.1728811111112,0.0,0.0,0.0,4.621728811111113,1.0,1.0,equivalent,462.1728811111111,atc,457.55915666666664,1.0083339776337565,180.0,180.0,4.613724444444443,-2.245873722222221,13.99249455555555,4.575591566666667,0.14107379165886602,inconclusive,0.0,,,,,,,,
capacity,q0.75,p75 of weekly trade hours,verdict,"verdict campuses (5, 9, 10, 12)",wspt,edd,1,180,180,462.1728811111112,462.05569222222215,-0.1171888888888876,-9.414085138888888,6.386894361111113,4.621728811111113,2.7070066278884788e-06,1.6242039767330872e-05,inconclusive,462.05569222222226,atc,457.55915666666664,0.9827222316591875,180.0,180.0,4.496535555555555,2.1250504999999995,8.346762944444436,4.575591566666667,2.3748366084530263e-09,inconclusive,0.0,,,,,,,,
capacity,q0.75,p75 of weekly trade hours,verdict,"verdict campuses (5, 9, 10, 12)",atc,edd,1,180,180,462.1728811111112,457.55915666666664,-4.613724444444443,-14.212529277777774,2.271069333333332,4.621728811111113,0.14107379165886602,0.42322137497659806,inconclusive,457.55915666666664,atc,457.55915666666664,0.0,180.0,180.0,0.0,0.0,0.0,4.575591566666667,1.0,equivalent,1.0,,,,,,,,
capacity,q0.75,p75 of weekly trade hours,verdict,"verdict campuses (5, 9, 10, 12)",wmdd,edd,1,180,180,462.1728811111112,458.1362966666667,-4.036584444444442,-13.414871305555558,2.005776999999999,4.621728811111113,0.0701485914890446,0.2805943659561784,inconclusive,458.1362966666667,atc,457.55915666666664,0.12613450995157136,180.0,180.0,0.5771400000000018,-1.5237163333333295,3.7808024999999987,4.575591566666667,0.2598350470503199,equivalent,1.0,,,,,,,,
capacity,q0.75,p75 of weekly trade hours,verdict,"verdict campuses (5, 9, 10, 12)",lpt,edd,1,180,180,462.1728811111112,489.48092999999994,27.30804888888889,11.044205166666668,47.590316972222205,4.621728811111113,2.3064033115894915e-05,0.00011532016557947458,worse,489.48093,atc,457.55915666666664,6.976534699006905,180.0,180.0,31.921773333333324,12.224069527777775,57.06814177777776,4.575591566666667,0.00017739343772669945,worse,0.0,,,,,,,,
capacity,q0.75,p75 of weekly trade hours,verdict,"verdict campuses (5, 9, 10, 12)",random,edd,1,180,180,462.1728811111112,473.20494444444444,11.032063333333333,2.3031131666666678,21.289063444444437,4.621728811111113,1.177148094550267e-06,8.24003666185187e-06,inconclusive,473.20494444444444,atc,457.55915666666664,3.4194021799843046,180.0,180.0,15.645787777777777,5.341561472222222,32.32817291666667,4.575591566666667,1.3237683764333984e-06,worse,0.0,,,,,,,,
capacity,q0.75,p75 of weekly trade hours,verdict,"verdict campuses (5, 9, 10, 12)",mlp_pool,edd,1,180,180,462.1728811111112,461.32757211111107,-0.8453089999999944,-2.9307005027777753,0.8156537527777823,4.621728811111113,0.8307607644677827,1.0,equivalent,461.32757211111107,atc,457.55915666666664,0.823590871155865,180.0,180.0,3.7684154444444493,-2.309745533333337,12.471577097222225,4.575591566666667,0.4283103350991634,inconclusive,0.0,10.0,456.3031544444445,461.46961722222227,466.62907333333334,4.6859994985289655,2.2629514585453148,v2rl310,v2rl309
capacity,q0.75,p75 of weekly trade hours,verdict,"verdict campuses (5, 9, 10, 12)",edd,edd,1,180,180,462.1728811111112,462.1728811111112,0.0,0.0,0.0,4.621728811111113,1.0,1.0,reference,462.1728811111111,atc,457.55915666666664,1.0083339776337565,180.0,180.0,4.613724444444443,-2.2644996944444444,13.869621916666665,4.575591566666667,0.14107379165886602,inconclusive,0.0,,,,,,,,
capacity,q0.75,p75 of weekly trade hours,campus1,campus 1 (transfer),pfifo,edd,1,30,30,80.47793333333333,80.47793333333333,0.0,0.0,0.0,1.0,1.0,1.0,equivalent,80.47793333333334,atc,80.47793333333334,0.0,30.0,30.0,0.0,0.0,0.0,1.0,1.0,equivalent,1.0,,,,,,,,
capacity,q0.75,p75 of weekly trade hours,campus1,campus 1 (transfer),wspt,edd,1,30,30,80.47793333333333,82.63201333333333,2.1540799999999987,-0.0005866666666667204,5.156533333333331,1.0,0.14412703481601533,1.0,inconclusive,82.63201333333333,atc,80.47793333333334,2.676609488812246,30.0,30.0,2.1540799999999987,-0.0005866666666667204,5.155946666666665,1.0,0.14412703481601533,inconclusive,0.0,,,,,,,,
capacity,q0.75,p75 of weekly trade hours,campus1,campus 1 (transfer),atc,edd,1,30,30,80.47793333333333,80.47793333333333,0.0,0.0,0.0,1.0,1.0,1.0,equivalent,80.47793333333334,atc,80.47793333333334,0.0,30.0,30.0,0.0,0.0,0.0,1.0,1.0,equivalent,1.0,,,,,,,,
capacity,q0.75,p75 of weekly trade hours,campus1,campus 1 (transfer),wmdd,edd,1,30,30,80.47793333333333,80.47793333333333,0.0,0.0,0.0,1.0,1.0,1.0,equivalent,80.47793333333334,atc,80.47793333333334,0.0,30.0,30.0,0.0,0.0,0.0,1.0,1.0,equivalent,1.0,,,,,,,,
capacity,q0.75,p75 of weekly trade hours,campus1,campus 1 (transfer),lpt,edd,1,30,30,80.47793333333333,81.11370666666667,0.6357733333333333,0.0,1.90732,1.0,0.31731050786291415,1.0,inconclusive,81.11370666666667,atc,80.47793333333334,0.7899970923706616,30.0,30.0,0.6357733333333333,0.0,1.90732,1.0,0.31731050786291415,inconclusive,0.0,,,,,,,,
capacity,q0.75,p75 of weekly trade hours,campus1,campus 1 (transfer),random,edd,1,30,30,80.47793333333333,81.39338666666666,0.9154533333333333,-0.0011733333333334409,2.413613333333333,1.0,0.28504940740261275,1.0,inconclusive,81.39338666666666,atc,80.47793333333334,1.13752092706156,30.0,30.0,0.9154533333333333,-0.0011733333333334409,2.4136279999999997,1.0,0.28504940740261275,inconclusive,0.0,,,,,,,,
capacity,q0.75,p75 of weekly trade hours,campus1,campus 1 (transfer),mlp_pool,edd,1,30,30,80.47793333333333,80.527312,0.04937866666666461,0.0,0.13609599999999583,1.0,0.17971249487899976,1.0,equivalent,80.527312,atc,80.47793333333334,0.0613567777171073,30.0,30.0,0.04937866666666461,0.0,0.13609599999999583,1.0,0.17971249487899976,equivalent,1.0,10.0,80.47734666666666,80.5446,80.63956,0.05160056280676979,0.20156396806323418,v2rl304,v2rl309
capacity,q0.75,p75 of weekly trade hours,campus1,campus 1 (transfer),edd,edd,1,30,30,80.47793333333333,80.47793333333333,0.0,0.0,0.0,1.0,1.0,1.0,reference,80.47793333333334,atc,80.47793333333334,0.0,30.0,30.0,0.0,0.0,0.0,1.0,1.0,equivalent,1.0,,,,,,,,
capacity,q0.75,p75 of weekly trade hours,campus2,campus 2 (nonstationary overload),pfifo,edd,1,17,17,5629.988752941176,5620.576094117649,-9.41265882352908,-29.90738823529329,1.6694117647060494,56.29988752941176,0.6547208460185769,0.6547208460185769,equivalent,5620.576094117648,atc,2830.0547470588235,98.60308709430144,17.0,17.0,2790.521347058824,1315.9882379411765,4343.3462148529425,28.300547470588235,0.00665283203125,worse,0.0,,,,,,,,
capacity,q0.75,p75 of weekly trade hours,campus2,campus 2 (nonstationary overload),wspt,edd,1,17,17,5629.988752941176,2966.21115882353,-2663.7775941176474,-4241.119814411764,-1225.48826514706,56.29988752941176,0.00665283203125,0.02227783203125,better,2966.2111588235293,atc,2830.0547470588235,4.811087556034327,17.0,17.0,136.15641176470584,67.28163470588206,225.1845394117647,28.300547470588235,0.002162232660801692,worse,0.0,,,,,,,,
capacity,q0.75,p75 of weekly trade hours,campus2,campus 2 (nonstationary overload),atc,edd,1,17,17,5629.988752941176,2830.0547470588235,-2799.934005882353,-4362.563167058824,-1345.9627617647066,56.29988752941176,0.00665283203125,0.02227783203125,better,2830.0547470588235,atc,2830.0547470588235,0.0,17.0,17.0,0.0,0.0,0.0,28.300547470588235,1.0,equivalent,1.0,,,,,,,,
capacity,q0.75,p75 of weekly trade hours,campus2,campus 2 (nonstationary overload),wmdd,edd,1,17,17,5629.988752941176,2954.9877764705884,-2675.0009764705883,-4251.406788823529,-1226.6205364705886,56.29988752941176,0.0055694580078125,0.02227783203125,better,2954.9877764705884,atc,2830.0547470588235,4.414509279073255,17.0,17.0,124.93302941176498,-155.24864705882308,590.8137442647062,28.300547470588235,0.1476602555616499,inconclusive,0.0,,,,,,,,
capacity,q0.75,p75 of weekly trade hours,campus2,campus 2 (nonstationary overload),lpt,edd,1,17,17,5629.988752941176,15682.74981764706,10052.761064705881,6137.993949411764,14260.540963529409,56.29988752941176,1.52587890625e-05,0.0001068115234375,worse,15682.749817647056,atc,2830.0547470588235,454.15005077006333,17.0,17.0,12852.695070588234,7719.903090294117,18434.98437,28.300547470588235,1.52587890625e-05,worse,0.0,,,,,,,,
capacity,q0.75,p75 of weekly trade hours,campus2,campus 2 (nonstationary overload),random,edd,1,17,17,5629.988752941176,7278.248682352942,1648.259929411765,835.77407235294,2453.3466588235287,56.29988752941176,0.0005035400390625,0.0025177001953125,worse,7278.248682352941,atc,2830.0547470588235,157.17695708597046,17.0,17.0,4448.193935294119,2678.3601980882354,6296.577506323529,28.300547470588235,3.0517578125e-05,worse,0.0,,,,,,,,
capacity,q0.75,p75 of weekly trade hours,campus2,campus 2 (nonstationary overload),mlp_pool,edd,1,17,17,5629.988752941176,8115.341002941178,2485.35225,1310.1833710294125,3860.1786519852935,56.29988752941176,4.57763671875e-05,0.000274658203125,worse,8115.341002941176,atc,2830.0547470588235,186.75561882239785,17.0,17.0,5285.286255882354,2796.38441357353,8075.190683970586,28.300547470588235,7.62939453125e-05,worse,0.0,10.0,4427.082776470588,8725.712720588235,11554.096964705883,3022.902983131485,160.98669367816018,v2rl310,v2rl306
capacity,q0.75,p75 of weekly trade hours,campus2,campus 2 (nonstationary overload),edd,edd,1,17,17,5629.988752941176,5629.988752941176,0.0,0.0,0.0,56.29988752941176,1.0,1.0,reference,5629.988752941176,atc,2830.0547470588235,98.93568344542543,17.0,17.0,2799.934005882353,1332.399712352941,4344.091892647057,28.300547470588235,0.00665283203125,worse,0.0,,,,,,,,
evalb,stress,"Eval-B empirical anchors, crew multiplier 1.0",campus2,campus 2 (nonstationary overload),pfifo,edd,1,17,17,1311.322141176471,1311.322141176471,0.0,0.0,0.0,13.11322141176471,1.0,1.0,equivalent,1311.3221411764705,wmdd,1218.2288470588235,7.641691816968763,17.0,17.0,93.09329411764713,-16.38864147058817,242.38037970588198,12.182288470588235,0.8588630128278887,inconclusive,0.0,,,,,,,,
evalb,stress,"Eval-B empirical anchors, crew multiplier 1.0",campus2,campus 2 (nonstationary overload),wspt,edd,1,17,17,1311.322141176471,1291.2388588235294,-20.083282352941236,-154.9587326470589,88.9992938235293,13.11322141176471,0.15195618574341052,0.6078247429736421,inconclusive,1291.2388588235294,wmdd,1218.2288470588235,5.993127805253867,17.0,17.0,73.01001176470588,35.37806764705879,115.08493941176476,12.182288470588235,0.0014737808438751421,worse,0.0,,,,,,,,
evalb,stress,"Eval-B empirical anchors, crew multiplier 1.0",campus2,campus 2 (nonstationary overload),atc,edd,1,17,17,1311.322141176471,1252.115717647059,-59.206423529411786,-196.25824735294125,40.42476411764708,13.11322141176471,0.5302845968336095,1.0,inconclusive,1252.1157176470588,wmdd,1218.2288470588235,2.7816506455292496,17.0,17.0,33.88687058823534,12.50560470588241,60.33192823529413,12.182288470588235,0.004741768038406972,worse,0.0,,,,,,,,
evalb,stress,"Eval-B empirical anchors, crew multiplier 1.0",campus2,campus 2 (nonstationary overload),wmdd,edd,1,17,17,1311.322141176471,1218.2288470588235,-93.09329411764713,-239.07439352941188,16.540296176470566,13.11322141176471,0.8588630128278887,1.0,inconclusive,1218.2288470588235,wmdd,1218.2288470588235,0.0,17.0,17.0,0.0,0.0,0.0,12.182288470588235,1.0,equivalent,1.0,,,,,,,,
evalb,stress,"Eval-B empirical anchors, crew multiplier 1.0",campus2,campus 2 (nonstationary overload),lpt,edd,1,17,17,1311.322141176471,2615.1118352941176,1303.7896941176468,628.0265744117646,2114.1120958823517,13.11322141176471,0.0014737808438751421,0.01326402759487628,worse,2615.111835294117,wmdd,1218.2288470588235,114.66507229801657,17.0,17.0,1396.8829882352936,685.336984117647,2235.4700841176464,12.182288470588235,0.0018714329102470324,worse,0.0,,,,,,,,
evalb,stress,"Eval-B empirical anchors, crew multiplier 1.0",campus2,campus 2 (nonstationary overload),random,edd,1,17,17,1311.322141176471,1636.0305647058824,324.70842352941173,120.31808911764692,566.1716647058826,13.11322141176471,0.0057715890441035304,0.03462953426462118,worse,1636.0305647058824,wmdd,1218.2288470588235,34.2958319084103,17.0,17.0,417.80171764705887,211.89454058823526,659.5493088235295,12.182288470588235,0.0018714329102470324,worse,0.0,,,,,,,,
evalb,stress,"Eval-B empirical anchors, crew multiplier 1.0",campus2,campus 2 (nonstationary overload),mlp_pool,edd,1,17,17,1311.322141176471,1649.8628376470588,338.5406964705882,134.8402090294118,591.3045620294115,13.11322141176471,0.0028734139278525227,0.02298731142282018,worse,1649.8628376470588,wmdd,1218.2288470588235,35.43127316598451,17.0,17.0,431.63399058823535,172.7221276176471,760.6700535882352,12.182288470588235,0.0028734139278525227,worse,0.0,10.0,1324.8887411764706,1607.4293176470587,2171.692823529412,265.80567105106036,63.91510894726142,v2rl310,v2rl303
evalb,stress,"Eval-B empirical anchors, crew multiplier 1.0",campus2,campus 2 (nonstationary overload),attn_pool,edd,1,17,17,1311.322141176471,1435.1030294117645,123.78088823529409,32.42847776470583,234.13841505882343,13.11322141176471,0.015906444101703374,0.07953222050851687,worse,1435.1030294117645,wmdd,1218.2288470588235,17.802417245047312,17.0,17.0,216.87418235294118,63.615256235294204,412.8160268529412,12.182288470588235,0.0057715890441035304,worse,0.0,10.0,1220.1060352941176,1367.1123764705883,1823.9573764705883,195.34442438405208,49.491710040669275,v2at309,v2at305
evalb,stress,"Eval-B empirical anchors, crew multiplier 1.0",campus2,campus 2 (nonstationary overload),v1_pool,edd,1,17,17,1311.322141176471,1593.991682352941,282.6695411764706,109.33180156862745,500.83602323529414,13.11322141176471,0.0028734139278525227,0.02298731142282018,worse,1593.9916823529413,wmdd,1218.2288470588235,30.84501210107806,17.0,17.0,375.7628352941178,121.47313039215699,684.2693675490196,12.182288470588235,0.0028734139278525227,worse,0.0,3.0,1365.711505882353,1573.1152235294119,1843.148317647059,239.4020618264799,34.958833524379344,rl302,rl303
evalb,stress,"Eval-B empirical anchors, crew multiplier 1.0",campus2,campus 2 (nonstationary overload),rollcp2,edd,0,8,8,1080.4252999999999,976.783175,-103.64212500000005,-280.4918237499999,33.90300250000001,10.804253,0.5625,0.5625,inconclusive,,,,,,,,,,,,,,,,,,,,,
evalb,stress,"Eval-B empirical anchors, crew multiplier 1.0",campus2,campus 2 (nonstationary overload),edd,edd,1,17,17,1311.322141176471,1311.322141176471,0.0,0.0,0.0,13.11322141176471,1.0,1.0,reference,1311.3221411764705,wmdd,1218.2288470588235,7.641691816968763,17.0,17.0,93.09329411764713,-16.21738705882354,238.09937176470578,12.182288470588235,0.8588630128278887,inconclusive,0.0,,,,,,,,
