analysis,sweep,scope_type,scope,method,verdict_base,verdict_swept,check,arm,stratum
final,half,emp_m,m=0.6,v2rl305,equivalent,inconclusive,,,
final,half,emp_m,m=0.6,v2at302,equivalent,inconclusive,,,
final,half,emp_m,m=0.6,v2rl308,equivalent,inconclusive,,,
final,half,emp_m,m=0.6,v2rl307,equivalent,inconclusive,,,
final,half,emp_m,m=0.6,rl302,equivalent,inconclusive,,,
final,half,emp_m,m=0.6,v2at310,equivalent,inconclusive,,,
final,half,emp_m,m=0.6,v2rl301,equivalent,inconclusive,,,
final,half,emp_m,m=0.6,rl303,equivalent,inconclusive,,,
final,half,emp_m,m=0.6,edd,equivalent,inconclusive,,,
final,half,emp_m,m=0.6,pfifo,equivalent,inconclusive,,,
final,half,emp_m,m=0.8,v2at309,equivalent,inconclusive,,,
final,half,emp_m,m=0.8,wmdd,equivalent,inconclusive,,,
final,half,emp_m,m=0.8,v2at308,equivalent,inconclusive,,,
final,half,emp_m,m=0.8,v2at306,equivalent,inconclusive,,,
final,half,emp_m,m=0.8,v2at304,equivalent,inconclusive,,,
final,half,emp_m,m=0.8,v2at307,equivalent,inconclusive,,,
final,half,emp_m,m=0.8,atc,equivalent,inconclusive,,,
final,half,emp_m,m=0.8,v2at303,equivalent,inconclusive,,,
final,half,emp_m,m=1.0,lpt,equivalent,inconclusive,,,
final,half,emp_m,m=1.0,v2at301,equivalent,inconclusive,,,
final,half,emp_m,m=1.0,random,equivalent,inconclusive,,,
final,half,emp_m,m=1.0,wspt,equivalent,inconclusive,,,
final,half,emp_m_ubin,m=0.6|u_bin=0.5-0.8,v2rl305,equivalent,inconclusive,,,
final,half,emp_m_ubin,m=0.6|u_bin=0.5-0.8,v2rl301,equivalent,inconclusive,,,
final,half,emp_m_ubin,m=0.6|u_bin=0.5-0.8,v2rl306,equivalent,inconclusive,,,
final,half,emp_m_ubin,m=0.6|u_bin=0.5-0.8,v2rl308,equivalent,inconclusive,,,
final,half,emp_m_ubin,m=0.6|u_bin=0.5-0.8,v2rl302,equivalent,inconclusive,,,
final,half,emp_m_ubin,m=0.6|u_bin=0.8-1.0,v2rl301,equivalent,inconclusive,,,
final,half,emp_m_ubin,m=0.6|u_bin=0.8-1.0,rl303,equivalent,inconclusive,,,
final,half,emp_m_ubin,m=0.6|u_bin=<0.5,edd,equivalent,inconclusive,,,
final,half,emp_m_ubin,m=0.6|u_bin=<0.5,pfifo,equivalent,inconclusive,,,
final,half,emp_m_ubin,m=0.6|u_bin=<0.5,rl303,equivalent,inconclusive,,,
final,half,emp_m_ubin,m=0.6|u_bin=<0.5,v2rl304,equivalent,inconclusive,,,
final,half,emp_m_ubin,m=0.6|u_bin=<0.5,v2rl308,equivalent,inconclusive,,,
final,half,emp_m_ubin,m=0.6|u_bin=>=1.2,v2rl305,equivalent,inconclusive,,,
final,half,emp_m_ubin,m=0.6|u_bin=>=1.2,v2rl301,equivalent,inconclusive,,,
final,half,emp_m_ubin,m=0.6|u_bin=>=1.2,v2rl304,equivalent,inconclusive,,,
final,half,emp_m_ubin,m=0.6|u_bin=>=1.2,v2rl310,equivalent,inconclusive,,,
final,half,emp_m_ubin,m=0.6|u_bin=>=1.2,v2at310,equivalent,inconclusive,,,
final,half,emp_m_ubin,m=0.6|u_bin=>=1.2,rl303,equivalent,inconclusive,,,
final,half,emp_m_ubin,m=0.8|u_bin=0.5-0.8,v2at310,equivalent,inconclusive,,,
final,half,emp_m_ubin,m=0.8|u_bin=0.5-0.8,v2rl309,equivalent,inconclusive,,,
final,half,emp_m_ubin,m=0.8|u_bin=0.5-0.8,wmdd,equivalent,inconclusive,,,
final,half,emp_m_ubin,m=0.8|u_bin=0.5-0.8,v2at306,equivalent,inconclusive,,,
final,half,emp_m_ubin,m=0.8|u_bin=0.5-0.8,v2at309,equivalent,inconclusive,,,
final,half,emp_m_ubin,m=0.8|u_bin=0.5-0.8,v2at308,equivalent,inconclusive,,,
final,half,emp_m_ubin,m=0.8|u_bin=0.5-0.8,v2at304,equivalent,inconclusive,,,
final,half,emp_m_ubin,m=0.8|u_bin=0.8-1.0,atc,equivalent,inconclusive,,,
final,half,emp_m_ubin,m=0.8|u_bin=0.8-1.0,v2at306,equivalent,inconclusive,,,
final,half,emp_m_ubin,m=0.8|u_bin=0.8-1.0,v2at308,equivalent,inconclusive,,,
final,half,emp_m_ubin,m=0.8|u_bin=0.8-1.0,v2at303,equivalent,inconclusive,,,
final,half,emp_m_ubin,m=0.8|u_bin=0.8-1.0,lpt,equivalent,inconclusive,,,
final,half,emp_m_ubin,m=0.8|u_bin=0.8-1.0,v2at301,equivalent,inconclusive,,,
final,half,emp_m_ubin,m=0.8|u_bin=0.8-1.0,v2at307,equivalent,inconclusive,,,
final,half,emp_m_ubin,m=0.8|u_bin=1.0-1.2,v2at308,equivalent,inconclusive,,,
final,half,emp_m_ubin,m=0.8|u_bin=1.0-1.2,v2rl304,equivalent,inconclusive,,,
final,half,emp_m_ubin,m=0.8|u_bin=1.0-1.2,v2rl310,equivalent,inconclusive,,,
final,half,emp_m_ubin,m=0.8|u_bin=1.0-1.2,v2rl305,equivalent,inconclusive,,,
final,half,emp_m_ubin,m=0.8|u_bin=<0.5,v2at306,equivalent,inconclusive,,,
final,half,emp_m_ubin,m=0.8|u_bin=<0.5,v2at308,equivalent,inconclusive,,,
final,half,emp_m_ubin,m=0.8|u_bin=<0.5,v2at307,equivalent,inconclusive,,,
final,half,emp_m_ubin,m=0.8|u_bin=<0.5,atc,equivalent,inconclusive,,,
final,half,emp_m_ubin,m=0.8|u_bin=<0.5,wmdd,equivalent,inconclusive,,,
final,half,emp_m_ubin,m=0.8|u_bin=<0.5,random,equivalent,inconclusive,,,
final,half,emp_m_ubin,m=0.8|u_bin=<0.5,v2at304,equivalent,inconclusive,,,
final,half,emp_m_ubin,m=0.8|u_bin=<0.5,v2at301,equivalent,inconclusive,,,
final,half,emp_m_ubin,m=0.8|u_bin=<0.5,v2at303,equivalent,inconclusive,,,
final,half,emp_m_ubin,m=0.8|u_bin=>=1.2,random,equivalent,inconclusive,,,
final,half,emp_m_ubin,m=1.0|u_bin=0.5-0.8,wspt,equivalent,inconclusive,,,
final,half,emp_m_ubin,m=1.0|u_bin=<0.5,random,equivalent,inconclusive,,,
final,half,emp_m_ubin,m=1.0|u_bin=<0.5,v2at301,equivalent,inconclusive,,,
final,half,emp_m_ubin,m=1.0|u_bin=<0.5,wspt,equivalent,inconclusive,,,
final,half,emp_ubin,u_bin=0.5-0.8,rl303,equivalent,inconclusive,,,
final,half,emp_ubin,u_bin=0.5-0.8,v2rl309,equivalent,inconclusive,,,
final,half,emp_ubin,u_bin=0.5-0.8,v2at305,equivalent,inconclusive,,,
final,half,emp_ubin,u_bin=0.5-0.8,v2at309,equivalent,inconclusive,,,
final,half,emp_ubin,u_bin=0.5-0.8,wmdd,equivalent,inconclusive,,,
final,half,emp_ubin,u_bin=0.5-0.8,v2at306,equivalent,inconclusive,,,
final,half,emp_ubin,u_bin=0.8-1.0,v2rl307,equivalent,inconclusive,,,
final,half,emp_ubin,u_bin=0.8-1.0,v2at302,equivalent,inconclusive,,,
final,half,emp_ubin,u_bin=0.8-1.0,v2rl303,equivalent,inconclusive,,,
final,half,emp_ubin,u_bin=0.8-1.0,rl302,equivalent,inconclusive,,,
final,half,emp_ubin,u_bin=0.8-1.0,rl301,equivalent,inconclusive,,,
final,half,emp_ubin,u_bin=0.8-1.0,v2rl310,equivalent,inconclusive,,,
final,half,emp_ubin,u_bin=0.8-1.0,v2at310,equivalent,inconclusive,,,
final,half,emp_ubin,u_bin=0.8-1.0,v2rl308,equivalent,inconclusive,,,
final,half,emp_ubin,u_bin=0.8-1.0,v2rl304,equivalent,inconclusive,,,
final,half,emp_ubin,u_bin=<0.5,wmdd,equivalent,inconclusive,,,
final,half,emp_ubin,u_bin=<0.5,atc,equivalent,inconclusive,,,
final,half,emp_ubin,u_bin=<0.5,v2at307,equivalent,inconclusive,,,
final,half,emp_ubin,u_bin=<0.5,v2at306,equivalent,inconclusive,,,
final,half,emp_ubin,u_bin=<0.5,v2at308,equivalent,inconclusive,,,
final,half,emp_ubin,u_bin=<0.5,v2at304,equivalent,inconclusive,,,
final,half,emp_ubin,u_bin=<0.5,v2at303,equivalent,inconclusive,,,
final,half,emp_ubin,u_bin=<0.5,random,equivalent,inconclusive,,,
final,half,emp_ubin,u_bin=<0.5,v2at301,equivalent,inconclusive,,,
final,half,emp_ubin,u_bin=>=1.2,rl303,equivalent,inconclusive,,,
final,half,emp_ubin,u_bin=>=1.2,v2rl308,equivalent,inconclusive,,,
final,half,emp_ubin,u_bin=>=1.2,rl302,equivalent,inconclusive,,,
final,half,gen_all,ALL,pfifo,equivalent,inconclusive,,,
final,half,gen_all,ALL,edd,equivalent,inconclusive,,,
final,half,gen_all,ALL,v2at310,equivalent,inconclusive,,,
final,half,gen_utarget,u_target=0.7,rl302,equivalent,inconclusive,,,
final,half,gen_utarget,u_target=0.7,v2at304,equivalent,inconclusive,,,
final,half,gen_utarget,u_target=0.7,v2at305,equivalent,inconclusive,,,
final,half,gen_utarget,u_target=0.7,wspt,equivalent,inconclusive,,,
final,half,gen_utarget,u_target=0.9,edd,equivalent,inconclusive,,,
final,half,gen_utarget,u_target=0.9,pfifo,equivalent,inconclusive,,,
final,half,gen_utarget,u_target=0.9,v2at310,equivalent,inconclusive,,,
final,half,gen_utarget,u_target=0.9,v2at307,equivalent,inconclusive,,,
final,half,gen_utarget,u_target=0.9,wmdd,equivalent,inconclusive,,,
final,half,gen_utarget,u_target=1.0,v2rl307,equivalent,inconclusive,,,
final,half,gen_utarget,u_target=1.0,v2rl302,equivalent,inconclusive,,,
final,half,gen_utarget,u_target=1.0,v2rl306,equivalent,inconclusive,,,
final,half,gen_utarget,u_target=1.0,v2rl304,equivalent,inconclusive,,,
final,half,gen_utarget,u_target=1.0,v2rl301,equivalent,inconclusive,,,
final,half,gen_utarget,u_target=1.0,edd,equivalent,inconclusive,,,
final,half,gen_utarget,u_target=1.0,pfifo,equivalent,inconclusive,,,
final,half,gen_utarget,u_target=1.1,v2rl305,equivalent,inconclusive,,,
final,half,gen_utarget,u_target=1.1,v2at302,equivalent,inconclusive,,,
final,half,gen_utarget,u_target=1.1,v2rl310,equivalent,inconclusive,,,
final,half,gen_utarget,u_target=1.1,v2rl304,equivalent,inconclusive,,,
final,half,gen_utarget,u_target=1.1,pfifo,equivalent,inconclusive,,,
final,half,gen_utarget,u_target=1.1,edd,equivalent,inconclusive,,,
final,half,gen_utarget,u_target=1.1,v2rl308,equivalent,inconclusive,,,
final,double,emp_m,m=0.6,v2rl309,inconclusive,equivalent,,,
final,double,emp_m,m=0.6,v2rl306,inconclusive,equivalent,,,
final,double,emp_m,m=0.6,v2at309,inconclusive,equivalent,,,
final,double,emp_m,m=0.6,v2at306,inconclusive,equivalent,,,
final,double,emp_m,m=0.6,wmdd,inconclusive,equivalent,,,
final,double,emp_m,m=0.8,v2at301,inconclusive,equivalent,,,
final,double,emp_m,m=0.8,wspt,inconclusive,equivalent,,,
final,double,emp_m,m=0.8,random,inconclusive,equivalent,,,
final,double,emp_m_ubin,m=0.6|u_bin=0.5-0.8,v2rl307,inconclusive,equivalent,,,
final,double,emp_m_ubin,m=0.6|u_bin=0.5-0.8,v2at310,inconclusive,equivalent,,,
final,double,emp_m_ubin,m=0.6|u_bin=0.5-0.8,rl302,inconclusive,equivalent,,,
final,double,emp_m_ubin,m=0.6|u_bin=0.5-0.8,v2rl304,inconclusive,equivalent,,,
final,double,emp_m_ubin,m=0.6|u_bin=0.5-0.8,edd,inconclusive,equivalent,,,
final,double,emp_m_ubin,m=0.6|u_bin=0.5-0.8,pfifo,inconclusive,equivalent,,,
final,double,emp_m_ubin,m=0.6|u_bin=0.5-0.8,v2rl309,inconclusive,equivalent,,,
final,double,emp_m_ubin,m=0.6|u_bin=0.8-1.0,v2rl302,inconclusive,equivalent,,,
final,double,emp_m_ubin,m=0.6|u_bin=0.8-1.0,v2rl307,inconclusive,equivalent,,,
final,double,emp_m_ubin,m=0.6|u_bin=0.8-1.0,rl302,inconclusive,equivalent,,,
final,double,emp_m_ubin,m=0.6|u_bin=0.8-1.0,v2at302,inconclusive,equivalent,,,
final,double,emp_m_ubin,m=0.6|u_bin=0.8-1.0,v2rl303,inconclusive,equivalent,,,
final,double,emp_m_ubin,m=0.6|u_bin=0.8-1.0,rl301,inconclusive,equivalent,,,
final,double,emp_m_ubin,m=0.6|u_bin=0.8-1.0,v2rl310,inconclusive,equivalent,,,
final,double,emp_m_ubin,m=0.6|u_bin=0.8-1.0,v2at310,inconclusive,equivalent,,,
final,double,emp_m_ubin,m=0.6|u_bin=0.8-1.0,v2rl308,inconclusive,equivalent,,,
final,double,emp_m_ubin,m=0.6|u_bin=0.8-1.0,v2rl304,inconclusive,equivalent,,,
final,double,emp_m_ubin,m=0.6|u_bin=1.0-1.2,rl301,inconclusive,equivalent,,,
final,double,emp_m_ubin,m=0.6|u_bin=1.0-1.2,edd,inconclusive,equivalent,,,
final,double,emp_m_ubin,m=0.6|u_bin=1.0-1.2,pfifo,inconclusive,equivalent,,,
final,double,emp_m_ubin,m=0.6|u_bin=1.0-1.2,v2rl308,inconclusive,equivalent,,,
final,double,emp_m_ubin,m=0.6|u_bin=1.0-1.2,v2rl310,inconclusive,equivalent,,,
final,double,emp_m_ubin,m=0.6|u_bin=1.0-1.2,v2rl303,inconclusive,equivalent,,,
final,double,emp_m_ubin,m=0.6|u_bin=<0.5,v2at309,inconclusive,equivalent,,,
final,double,emp_m_ubin,m=0.6|u_bin=<0.5,v2rl309,inconclusive,equivalent,,,
final,double,emp_m_ubin,m=0.6|u_bin=<0.5,wmdd,inconclusive,equivalent,,,
final,double,emp_m_ubin,m=0.6|u_bin=<0.5,atc,inconclusive,equivalent,,,
final,double,emp_m_ubin,m=0.6|u_bin=<0.5,v2at301,inconclusive,equivalent,,,
final,double,emp_m_ubin,m=0.6|u_bin=>=1.2,v2rl308,inconclusive,equivalent,,,
final,double,emp_m_ubin,m=0.6|u_bin=>=1.2,rl302,inconclusive,equivalent,,,
final,double,emp_m_ubin,m=0.6|u_bin=>=1.2,v2rl303,inconclusive,equivalent,,,
final,double,emp_m_ubin,m=0.6|u_bin=>=1.2,v2rl309,inconclusive,equivalent,,,
final,double,emp_m_ubin,m=0.6|u_bin=>=1.2,edd,inconclusive,equivalent,,,
final,double,emp_m_ubin,m=0.6|u_bin=>=1.2,pfifo,inconclusive,equivalent,,,
final,double,emp_m_ubin,m=0.8|u_bin=0.5-0.8,atc,inconclusive,equivalent,,,
final,double,emp_m_ubin,m=0.8|u_bin=0.5-0.8,v2at303,inconclusive,equivalent,,,
final,double,emp_m_ubin,m=0.8|u_bin=0.5-0.8,v2at307,inconclusive,equivalent,,,
final,double,emp_m_ubin,m=0.8|u_bin=0.5-0.8,wspt,inconclusive,equivalent,,,
final,double,emp_m_ubin,m=0.8|u_bin=0.8-1.0,random,inconclusive,equivalent,,,
final,double,emp_m_ubin,m=0.8|u_bin=0.8-1.0,wspt,inconclusive,equivalent,,,
final,double,emp_m_ubin,m=0.8|u_bin=1.0-1.2,rl302,inconclusive,equivalent,,,
final,double,emp_m_ubin,m=0.8|u_bin=1.0-1.2,v2rl308,inconclusive,equivalent,,,
final,double,emp_m_ubin,m=0.8|u_bin=1.0-1.2,v2at307,inconclusive,equivalent,,,
final,double,emp_m_ubin,m=0.8|u_bin=<0.5,wspt,inconclusive,equivalent,,,
final,double,emp_m_ubin,m=0.8|u_bin=>=1.2,v2at301,inconclusive,equivalent,,,
final,double,emp_m_ubin,m=0.8|u_bin=>=1.2,wspt,inconclusive,equivalent,,,
final,double,emp_m_ubin,m=1.0|u_bin=0.8-1.0,edd,inconclusive,equivalent,,,
final,double,emp_m_ubin,m=1.0|u_bin=0.8-1.0,pfifo,inconclusive,equivalent,,,
final,double,emp_m_ubin,m=1.0|u_bin=0.8-1.0,rl302,inconclusive,equivalent,,,
final,double,emp_m_ubin,m=1.0|u_bin=0.8-1.0,rl303,inconclusive,equivalent,,,
final,double,emp_m_ubin,m=1.0|u_bin=0.8-1.0,v2at309,inconclusive,equivalent,,,
final,double,emp_m_ubin,m=1.0|u_bin=0.8-1.0,v2at301,inconclusive,equivalent,,,
final,double,emp_m_ubin,m=1.0|u_bin=0.8-1.0,v2rl306,inconclusive,equivalent,,,
final,double,emp_m_ubin,m=1.0|u_bin=>=1.2,v2at301,inconclusive,equivalent,,,
final,double,emp_m_ubin,m=1.0|u_bin=>=1.2,wspt,inconclusive,equivalent,,,
final,double,emp_ubin,u_bin=0.5-0.8,v2at308,inconclusive,equivalent,,,
final,double,emp_ubin,u_bin=0.5-0.8,atc,inconclusive,equivalent,,,
final,double,emp_ubin,u_bin=0.5-0.8,v2at304,inconclusive,equivalent,,,
final,double,emp_ubin,u_bin=0.5-0.8,v2at307,inconclusive,equivalent,,,
final,double,emp_ubin,u_bin=0.5-0.8,v2at303,inconclusive,equivalent,,,
final,double,emp_ubin,u_bin=0.5-0.8,wspt,inconclusive,equivalent,,,
final,double,emp_ubin,u_bin=0.8-1.0,edd,inconclusive,equivalent,,,
final,double,emp_ubin,u_bin=0.8-1.0,pfifo,inconclusive,equivalent,,,
final,double,emp_ubin,u_bin=0.8-1.0,v2rl309,inconclusive,equivalent,,,
final,double,emp_ubin,u_bin=0.8-1.0,v2at309,inconclusive,equivalent,,,
final,double,emp_ubin,u_bin=0.8-1.0,wmdd,inconclusive,equivalent,,,
final,double,emp_ubin,u_bin=0.8-1.0,v2at306,inconclusive,equivalent,,,
final,double,emp_ubin,u_bin=1.0-1.2,rl301,inconclusive,equivalent,,,
final,double,emp_ubin,u_bin=1.0-1.2,v2rl310,inconclusive,equivalent,,,
final,double,emp_ubin,u_bin=1.0-1.2,v2rl308,inconclusive,equivalent,,,
final,double,emp_ubin,u_bin=1.0-1.2,edd,inconclusive,equivalent,,,
final,double,emp_ubin,u_bin=1.0-1.2,pfifo,inconclusive,equivalent,,,
final,double,emp_ubin,u_bin=1.0-1.2,v2rl303,inconclusive,equivalent,,,
final,double,emp_ubin,u_bin=1.0-1.2,v2rl302,inconclusive,equivalent,,,
final,double,emp_ubin,u_bin=1.0-1.2,v2at310,inconclusive,equivalent,,,
final,double,emp_ubin,u_bin=<0.5,wspt,inconclusive,equivalent,,,
final,double,emp_ubin,u_bin=>=1.2,v2rl303,inconclusive,equivalent,,,
final,double,emp_ubin,u_bin=>=1.2,v2rl306,inconclusive,equivalent,,,
final,double,emp_ubin,u_bin=>=1.2,edd,inconclusive,equivalent,,,
final,double,emp_ubin,u_bin=>=1.2,pfifo,inconclusive,equivalent,,,
final,double,emp_ubin,u_bin=>=1.2,v2rl309,inconclusive,equivalent,,,
final,double,emp_ubin,u_bin=>=1.2,v2at308,inconclusive,equivalent,,,
final,double,emp_ubin,u_bin=>=1.2,v2at306,inconclusive,equivalent,,,
final,double,emp_ubin,u_bin=>=1.2,v2at309,inconclusive,equivalent,,,
final,double,gen_all,ALL,v2rl305,inconclusive,equivalent,,,
final,double,gen_all,ALL,wmdd,inconclusive,equivalent,,,
final,double,gen_all,ALL,atc,inconclusive,equivalent,,,
final,double,gen_all,ALL,v2at302,inconclusive,equivalent,,,
final,double,gen_all,ALL,v2at307,inconclusive,equivalent,,,
final,double,gen_utarget,u_target=0.9,atc,inconclusive,equivalent,,,
final,double,gen_utarget,u_target=0.9,v2at308,inconclusive,equivalent,,,
final,double,gen_utarget,u_target=0.9,v2at303,inconclusive,equivalent,,,
final,double,gen_utarget,u_target=1.0,v2at310,inconclusive,equivalent,,,
final,double,gen_utarget,u_target=1.0,v2at307,inconclusive,equivalent,,,
final,double,gen_utarget,u_target=1.0,wmdd,inconclusive,equivalent,,,
final,double,gen_utarget,u_target=1.0,atc,inconclusive,equivalent,,,
final,double,gen_utarget,u_target=1.1,v2at310,inconclusive,equivalent,,,
final,double,gen_utarget,u_target=1.1,v2rl307,inconclusive,equivalent,,,
final,double,gen_utarget,u_target=1.1,v2rl302,inconclusive,equivalent,,,
final,double,gen_utarget,u_target=1.3,v2rl308,inconclusive,equivalent,,,
final,double,gen_utarget,u_target=1.3,v2rl310,inconclusive,equivalent,,,
final,double,gen_utarget,u_target=1.3,edd,inconclusive,equivalent,,,
final,double,gen_utarget,u_target=1.3,pfifo,inconclusive,equivalent,,,
final,double,gen_utarget,u_target=1.3,v2at310,inconclusive,equivalent,,,
final,double,transfer,campus=1|m=1.0,random,inconclusive,equivalent,,,
robustness,half,,,lpt,equivalent,inconclusive,pmodel,sum,verdict
robustness,half,,,random,equivalent,inconclusive,pmodel,sum,verdict
robustness,half,,,wspt,equivalent,inconclusive,pmodel,sum,verdict
robustness,half,,,random,equivalent,inconclusive,pmodel,max,campus1
robustness,half,,,atc,equivalent,inconclusive,pmodel,single,verdict
robustness,half,,,lpt,equivalent,inconclusive,capacity,q0.95,verdict
robustness,half,,,random,equivalent,inconclusive,capacity,q0.95,verdict
robustness,half,,,wspt,equivalent,inconclusive,capacity,q0.95,verdict
robustness,half,,,atc,equivalent,inconclusive,capacity,q0.90,verdict
robustness,half,,,wspt,equivalent,inconclusive,capacity,q0.90,verdict
robustness,half,,,atc,equivalent,inconclusive,capacity,q0.75,verdict
robustness,half,,,wmdd,equivalent,inconclusive,capacity,q0.75,verdict
robustness,half,,,lpt,equivalent,inconclusive,backdate,baseline,verdict
robustness,half,,,random,equivalent,inconclusive,backdate,baseline,verdict
robustness,half,,,wspt,equivalent,inconclusive,backdate,baseline,verdict
robustness,half,,,atc,equivalent,inconclusive,backdate,backdate,campus1
robustness,half,,,lpt,equivalent,inconclusive,sla,baseline,verdict
robustness,half,,,random,equivalent,inconclusive,sla,baseline,verdict
robustness,half,,,wspt,equivalent,inconclusive,sla,baseline,verdict
robustness,half,,,wspt,equivalent,inconclusive,sla,emg,verdict
robustness,half,,,lpt,equivalent,inconclusive,sla,emg,verdict
robustness,half,,,random,equivalent,inconclusive,sla,emg,verdict
robustness,half,,,wmdd,equivalent,inconclusive,sla,rtn,verdict
robustness,half,,,atc,equivalent,inconclusive,sla,rtn,verdict
robustness,half,,,random,equivalent,inconclusive,sla,rtn,verdict
robustness,half,,,lpt,equivalent,inconclusive,sla,pmp3,verdict
robustness,half,,,random,equivalent,inconclusive,sla,pmp3,verdict
robustness,half,,,wspt,equivalent,inconclusive,sla,pmp3,verdict
robustness,half,,,v2rl309,equivalent,inconclusive,sla,pmp3,campus1
robustness,double,,,random,inconclusive,equivalent,pmodel,sum,campus1
robustness,double,,,v2rl304,inconclusive,equivalent,pmodel,max,verdict
robustness,double,,,v2rl304,inconclusive,equivalent,pmodel,single,verdict
robustness,double,,,random,inconclusive,equivalent,capacity,q0.95,campus1
robustness,double,,,random,inconclusive,equivalent,capacity,q0.90,verdict
robustness,double,,,lpt,inconclusive,equivalent,capacity,q0.90,verdict
robustness,double,,,random,inconclusive,equivalent,capacity,q0.90,campus1
robustness,double,,,v2rl308,inconclusive,equivalent,capacity,q0.75,verdict
robustness,double,,,wspt,inconclusive,equivalent,capacity,q0.75,verdict
robustness,double,,,lpt,inconclusive,equivalent,capacity,q0.75,campus1
robustness,double,,,random,inconclusive,equivalent,backdate,baseline,campus1
robustness,double,,,random,inconclusive,equivalent,backdate,backdate,verdict
robustness,double,,,wspt,inconclusive,equivalent,backdate,backdate,verdict
robustness,double,,,wspt,inconclusive,equivalent,backdate,backdate,campus1
robustness,double,,,random,inconclusive,equivalent,sla,baseline,campus1
robustness,double,,,random,inconclusive,equivalent,sla,emg,campus1
robustness,double,,,wspt,inconclusive,equivalent,sla,emg,campus1
robustness,double,,,lpt,inconclusive,equivalent,sla,rtn,verdict
robustness,double,,,wspt,inconclusive,equivalent,sla,rtn,verdict
robustness,double,,,random,inconclusive,equivalent,sla,rtn,campus1
robustness,double,,,random,inconclusive,equivalent,sla,pmp3,campus1
