analysis,scope_type,scope,family,reference,n_configs,n_clusters_base,n_clusters_component,mean_ref,mean_diff,ci_lo_base,ci_hi_base,verdict_base,ci_lo_component,ci_hi_component,verdict_component,ci_width_base,ci_width_component,width_ratio,verdict_changed
cluster,emp_m,m=1.0,pfifo,edd,180,180,139,444.8689277777778,0.0,0.0,0.0,equivalent,0.0,0.0,equivalent,0.0,0.0,,0
cluster,emp_m,m=1.0,wspt,edd,180,180,139,444.8689277777778,1.7770200000000016,0.8064506111111106,2.9670826111111106,equivalent,0.8092550420614814,2.9642023681445004,equivalent,2.160632,2.154947326083019,0.9973689763379507,0
cluster,emp_m,m=1.0,atc,edd,180,180,139,444.8689277777778,0.6862222222222215,0.17484000000000038,1.3405241666666643,equivalent,0.17011058389639674,1.3383159092083134,equivalent,1.165684166666664,1.1682053253119167,1.0021628145233044,0
cluster,emp_m,m=1.0,wmdd,edd,180,180,139,444.8689277777778,0.4630622222222251,0.10517333333333327,0.9378005555555572,equivalent,0.10517333333333327,0.9397334846806973,equivalent,0.832627222222224,0.834560151347364,1.0023214820192659,0
cluster,emp_m,m=1.0,lpt,edd,180,180,139,444.8689277777778,0.70967111111111,-0.07620227777778207,2.107501388888894,equivalent,-0.07295904316770387,2.1088736281859117,equivalent,2.183703666666676,2.181832671353616,0.9991432009106271,0
cluster,emp_m,m=1.0,random,edd,180,180,139,444.8689277777778,1.4471388888888845,0.4718036388888853,2.8144874166666654,equivalent,0.48871005935753764,2.7694014181781914,equivalent,2.34268377777778,2.2806913588206537,0.9735378630504151,0
cluster,emp_m,m=1.0,mlp_pool,edd,180,180,139,444.8689277777778,-0.09965333333333001,-0.26032747777777454,0.024417238888889668,equivalent,-0.25905213510775676,0.024331449975983445,equivalent,0.28474471666666423,0.28338358508374023,0.9952198179518204,0
cluster,emp_m,m=1.0,attn_pool,edd,180,180,139,444.8689277777778,0.39898444444444825,0.06656556111111486,0.8345761055555554,equivalent,0.06478420746544147,0.8338994955533693,equivalent,0.7680105444444405,0.7691152880879278,1.0014384485362586,0
cluster,emp_m,m=1.0,v1_pool,edd,180,180,139,444.8689277777778,-0.05907407407407703,-0.20152188888889727,0.07346279629629461,equivalent,-0.2009036735301984,0.07298340306227517,equivalent,0.27498468518519187,0.2738870765924736,0.9960084737374407,0
cluster,emp_m,m=1.0,rollcp2,edd,48,48,38,505.82771249999996,-0.019595833333321266,-0.1450474999999873,0.05329395833337911,equivalent,-0.14793938858695993,0.053192465135387085,equivalent,0.19834145833336642,0.20113185372234701,1.0140686441071265,0
cluster,emp_m,m=0.8,pfifo,edd,180,180,139,446.6359855555555,0.0,0.0,0.0,equivalent,0.0,0.0,equivalent,0.0,0.0,,0
cluster,emp_m,m=0.8,wspt,edd,180,180,139,446.6359855555555,3.726484444444435,2.182704305555553,5.5673639999999915,inconclusive,2.176847259416196,5.496465486296771,inconclusive,3.3846596944444385,3.3196182268805745,0.980783454339406,0
cluster,emp_m,m=0.8,atc,edd,180,180,139,446.6359855555555,1.530377777777769,0.5274171666666684,2.756036583333318,equivalent,0.5474475408966035,2.7448200960061198,equivalent,2.2286194166666498,2.1973725551095162,0.9859792742881737,0
cluster,emp_m,m=0.8,wmdd,edd,180,180,139,446.6359855555555,0.9106833333333355,0.32232688888888894,1.6625650277777875,equivalent,0.31382252041505687,1.6297979670329654,equivalent,1.3402381388888984,1.3159754466179086,0.9818967304638081,0
cluster,emp_m,m=0.8,lpt,edd,180,180,139,446.6359855555555,8.69492,1.1445353055555556,20.200114749999987,inconclusive,1.182750337078653,20.45192938374382,inconclusive,19.05557944444443,19.26917904666517,1.0112092945188824,0
cluster,emp_m,m=0.8,random,edd,180,180,139,446.6359855555555,3.949951111111111,1.5798970555555576,7.260414305555555,inconclusive,1.5649113716958705,7.3722874513108625,inconclusive,5.680517249999998,5.807376079614992,1.0223322672974884,0
cluster,emp_m,m=0.8,mlp_pool,edd,180,180,139,446.6359855555555,-0.1461226666666645,-0.5080279944444414,0.27441538888889094,equivalent,-0.5157909935969833,0.27894039121870495,equivalent,0.7824433833333323,0.7947313848156883,1.0157046525590223,0
cluster,emp_m,m=0.8,attn_pool,edd,180,180,139,446.6359855555555,1.0524128888888917,0.3439700055555597,1.9524177805555578,equivalent,0.33795522286448215,1.948022123025211,equivalent,1.6084477749999981,1.6100669001607288,1.0010066383167031,0
cluster,emp_m,m=0.8,v1_pool,edd,180,180,139,446.6359855555555,-0.2602222222222278,-0.5545668240740702,-0.004339259259263196,equivalent,-0.550789335260122,0.002291398752212343,equivalent,0.5502275648148071,0.5530807340123343,1.0051854348636413,0
cluster,emp_m,m=0.8,rollcp2,edd,48,48,38,506.54738333333336,-0.5109166666666655,-1.33013729166667,0.06076729166666382,equivalent,-1.3242614330079892,0.06174866923076658,equivalent,1.3909045833333338,1.3860101022387556,0.9964810806196005,0
cluster,emp_m,m=0.6,pfifo,edd,180,180,139,451.7136088888889,0.0,0.0,0.0,equivalent,0.0,0.0,equivalent,0.0,0.0,,0
cluster,emp_m,m=0.6,wspt,edd,180,180,139,451.7136088888889,12.063193333333338,6.457269861111109,18.99051905555556,worse,6.399645970329478,18.75947443462246,worse,12.533249194444451,12.359828464292985,0.9861631467258836,0
cluster,emp_m,m=0.6,atc,edd,180,180,139,451.7136088888889,4.726932222222232,1.8405593333333345,8.070829722222241,inconclusive,1.7508516722413046,8.034989736450013,inconclusive,6.230270388888906,6.284138064208709,1.0086461215898224,0
cluster,emp_m,m=0.6,wmdd,edd,180,180,139,451.7136088888889,3.3700733333333304,1.6959803611111073,5.341586583333323,inconclusive,1.6412276797325764,5.3823302922108045,inconclusive,3.645606222222216,3.741102612478228,1.0261949273824207,0
cluster,emp_m,m=0.6,lpt,edd,180,180,139,451.7136088888889,85.03561444444443,19.514148611111107,190.06017444444439,worse,19.025203638728325,193.39385776268108,worse,170.5460258333333,174.36865412395275,1.022414056686112,0
cluster,emp_m,m=0.6,random,edd,180,180,139,451.7136088888889,27.60154888888888,7.746442999999997,64.16067377777777,worse,7.62642313198052,62.02810228855471,worse,56.414230777777775,54.40167915657419,0.9643254619719754,0
cluster,emp_m,m=0.6,mlp_pool,edd,180,180,139,451.7136088888889,-0.3953938888888819,-1.746209855555552,1.0218538833333284,equivalent,-1.7420343394426325,1.0445932410493142,equivalent,2.7680637388888805,2.7866275804919467,1.006706435745052,0
cluster,emp_m,m=0.6,attn_pool,edd,180,180,139,451.7136088888889,3.838734222222217,1.3042425833333327,7.040137813888879,inconclusive,1.2732678715083745,7.067289508025681,inconclusive,5.7358952305555455,5.794021636517306,1.010133798409029,0
cluster,emp_m,m=0.6,v1_pool,edd,180,180,139,451.7136088888889,-0.8416503703703653,-2.2697543240740714,0.4960714907407435,equivalent,-2.3165804158908547,0.5083568496616425,equivalent,2.765825814814815,2.824937265552497,1.0213720800569068,0
cluster,emp_m,m=0.6,rollcp2,edd,48,48,38,510.69773333333325,-0.6512708333333269,-1.9964078124999853,0.3929163541666664,equivalent,-2.050062703488362,0.3760856127450935,equivalent,2.389324166666652,2.4261483162334554,1.0154119520827418,0
cluster,transfer,campus=1|m=1.0,pfifo,edd,30,30,30,80.41734666666666,0.0,0.0,0.0,equivalent,0.0,0.0,equivalent,0.0,0.0,,0
cluster,transfer,campus=1|m=1.0,wspt,edd,30,30,30,80.41734666666666,0.8797866666666664,0.0,2.292906666666666,inconclusive,0.0,2.292906666666666,inconclusive,2.292906666666666,2.292906666666666,1.0,0
cluster,transfer,campus=1|m=1.0,atc,edd,30,30,30,80.41734666666666,0.0,0.0,0.0,equivalent,0.0,0.0,equivalent,0.0,0.0,,0
cluster,transfer,campus=1|m=1.0,wmdd,edd,30,30,30,80.41734666666666,0.0,0.0,0.0,equivalent,0.0,0.0,equivalent,0.0,0.0,,0
cluster,transfer,campus=1|m=1.0,lpt,edd,30,30,30,80.41734666666666,0.0,0.0,0.0,equivalent,0.0,0.0,equivalent,0.0,0.0,,0
cluster,transfer,campus=1|m=1.0,random,edd,30,30,30,80.41734666666666,0.7037466666666667,0.0,1.7748666666666664,inconclusive,0.0,1.7748666666666664,inconclusive,1.7748666666666664,1.7748666666666664,1.0,0
cluster,transfer,campus=1|m=1.0,mlp_pool,edd,30,30,30,80.41734666666666,1.8947806286936005e-15,0.0,5.684341886080802e-15,equivalent,0.0,5.684341886080802e-15,equivalent,5.684341886080802e-15,5.684341886080802e-15,1.0,0
cluster,transfer,campus=1|m=1.0,attn_pool,edd,30,30,30,80.41734666666666,0.00030400000000175474,0.0,0.0009120000000033694,equivalent,0.0,0.0009120000000033694,equivalent,0.0009120000000033694,0.0009120000000033694,1.0,0
cluster,transfer,campus=1|m=1.0,v1_pool,edd,30,30,30,80.41734666666666,0.0,0.0,0.0,equivalent,0.0,0.0,equivalent,0.0,0.0,,0
cluster,transfer,campus=1|m=1.0,rollcp2,edd,8,8,8,100.0454,0.010625000000000995,0.0031999999999996476,0.021100000000004115,equivalent,0.0031999999999996476,0.021100000000004115,equivalent,0.017900000000004468,0.017900000000004468,1.0,0
cluster,stress,campus=2|m=1.0,pfifo,edd,17,17,17,1311.322141176471,0.0,0.0,0.0,equivalent,0.0,0.0,equivalent,0.0,0.0,,0
cluster,stress,campus=2|m=1.0,wspt,edd,17,17,17,1311.322141176471,-20.083282352941236,-154.95873264705887,88.9992938235293,inconclusive,-154.95873264705887,88.9992938235293,inconclusive,243.95802647058815,243.95802647058815,1.0,0
cluster,stress,campus=2|m=1.0,atc,edd,17,17,17,1311.322141176471,-59.206423529411786,-196.25824735294123,40.42476411764708,inconclusive,-196.25824735294123,40.42476411764708,inconclusive,236.6830114705883,236.6830114705883,1.0,0
cluster,stress,campus=2|m=1.0,wmdd,edd,17,17,17,1311.322141176471,-93.09329411764713,-239.07439352941188,16.540296176470566,inconclusive,-239.07439352941188,16.540296176470566,inconclusive,255.61468970588245,255.61468970588245,1.0,0
cluster,stress,campus=2|m=1.0,lpt,edd,17,17,17,1311.322141176471,1303.7896941176468,628.0265744117646,2114.1120958823517,worse,628.0265744117646,2114.1120958823517,worse,1486.085521470587,1486.085521470587,1.0,0
cluster,stress,campus=2|m=1.0,random,edd,17,17,17,1311.322141176471,324.70842352941173,120.31808911764692,566.1716647058824,worse,120.31808911764692,566.1716647058824,worse,445.8535755882355,445.8535755882355,1.0,0
cluster,stress,campus=2|m=1.0,mlp_pool,edd,17,17,17,1311.322141176471,338.5406964705882,134.8402090294118,591.3045620294116,worse,134.8402090294118,591.3045620294116,worse,456.46435299999985,456.46435299999985,1.0,0
cluster,stress,campus=2|m=1.0,attn_pool,edd,17,17,17,1311.322141176471,123.78088823529409,32.42847776470583,234.13841505882343,worse,32.42847776470583,234.13841505882343,worse,201.7099372941176,201.7099372941176,1.0,0
cluster,stress,campus=2|m=1.0,v1_pool,edd,17,17,17,1311.322141176471,282.6695411764706,109.33180156862745,500.83602323529414,worse,109.33180156862745,500.83602323529414,worse,391.5042216666667,391.5042216666667,1.0,0
cluster,stress,campus=2|m=1.0,rollcp2,edd,8,8,8,1080.4252999999999,-103.64212500000005,-280.4918237499999,33.90300250000001,inconclusive,-280.4918237499999,33.90300250000001,inconclusive,314.39482624999994,314.39482624999994,1.0,0
cluster,emp_pooled,ALL,pfifo,edd,587,227,186,453.97671345826234,0.0,0.0,0.0,equivalent,0.0,0.0,equivalent,0.0,0.0,,0
cluster,emp_pooled,ALL,wspt,edd,587,227,186,453.97671345826234,4.850056899488925,0.20132089124869562,9.02608855083369,inconclusive,0.14754810067448304,9.032966348222711,inconclusive,8.824767659584994,8.885418247548229,1.006872768814186,0
cluster,emp_pooled,ALL,atc,edd,587,227,186,453.97671345826234,0.4145257240204431,-3.8622232888674346,3.632035350047817,equivalent,-3.83815414023133,3.700459075839594,equivalent,7.494258638915252,7.5386132160709245,1.0059184743004936,0
cluster,emp_pooled,ALL,wmdd,edd,587,227,186,453.97671345826234,-1.2413945485519604,-5.954317718631537,2.103781534286304,inconclusive,-6.012355124271497,2.048088828507712,inconclusive,8.058099252917842,8.06044395277921,1.0002909743089252,0
cluster,emp_pooled,ALL,lpt,edd,587,227,186,453.97671345826234,66.71833356047698,30.452734726134654,112.7188092818601,worse,30.813952747651552,113.29675312397153,worse,82.26607455572545,82.48280037631997,1.002634449519622,0
cluster,emp_pooled,ALL,random,edd,587,227,186,453.97671345826234,19.558621124361157,8.675797123258066,34.38565632960453,worse,8.617889075837029,34.276206006341305,worse,25.709859206346465,25.658316930504277,0.9979952330571509,0
cluster,emp_pooled,ALL,mlp_pool,edd,587,227,186,453.97671345826234,9.607804531516187,2.711836150575997,19.163493128462925,inconclusive,2.730964085498411,19.097253206389453,inconclusive,16.451656977886927,16.366289120891043,0.9948109872999037,0
cluster,emp_pooled,ALL,attn_pool,edd,587,227,186,453.97671345826234,5.206998126064735,2.1360522712953625,9.255917424929018,inconclusive,2.089899330487735,9.251178606644483,inconclusive,7.119865153633656,7.1612792761567485,1.005816700405057,0
cluster,emp_pooled,ALL,v1_pool,edd,587,227,186,453.97671345826234,7.83034378194208,1.9883578480134891,15.6736367747503,inconclusive,1.986794246340528,15.94308467369475,inconclusive,13.68527892673681,13.956290427354222,1.019803140445164,0
cluster,emp_pooled,ALL,rollcp2,edd,160,64,54,515.9453837499999,-5.536109999999998,-16.1593942042297,1.33749915625001,inconclusive,-16.690506061154018,1.3203766819060379,inconclusive,17.49689336047971,18.010882743060055,1.0293760367621199,0
size,emp_m_size,m=1.0|size=150,pfifo,edd,120,120,,204.77357333333336,0.0,0.0,0.0,equivalent,,,,0.0,,,
size,emp_m_size,m=1.0|size=150,wspt,edd,120,120,,204.77357333333336,0.7766666666666666,0.13866666666666655,1.8596999999999992,equivalent,,,,1.7210333333333327,,,
size,emp_m_size,m=1.0|size=150,atc,edd,120,120,,204.77357333333336,0.23333333333333334,0.0,0.7,equivalent,,,,0.7,,,
size,emp_m_size,m=1.0|size=150,wmdd,edd,120,120,,204.77357333333336,0.0,0.0,0.0,equivalent,,,,0.0,,,
size,emp_m_size,m=1.0|size=150,lpt,edd,120,120,,204.77357333333336,0.08333333333333333,0.0,0.25,equivalent,,,,0.25,,,
size,emp_m_size,m=1.0|size=150,random,edd,120,120,,204.77357333333336,0.5448866666666665,0.0026666666666666098,1.4871066666666664,equivalent,,,,1.4844399999999998,,,
size,emp_m_size,m=1.0|size=150,mlp_pool,edd,120,120,,204.77357333333336,0.0,-2.842170943040401e-15,2.842170943040401e-15,equivalent,,,,5.684341886080802e-15,,,
size,emp_m_size,m=1.0|size=150,attn_pool,edd,120,120,,204.77357333333336,0.1261333333333338,0.0011333333333333343,0.3645450000000012,equivalent,,,,0.36341166666666785,,,
size,emp_m_size,m=1.0|size=150,v1_pool,edd,120,120,,204.77357333333336,-1.8947806286936005e-15,-5.684341886080802e-15,0.0,equivalent,,,,5.684341886080802e-15,,,
size,emp_m_size,m=1.0|size=150,rollcp2,edd,32,32,,267.40195,0.01741249999999983,0.005962187500001637,0.033924999999999164,equivalent,,,,0.027962812499997526,,,
size,emp_m_size,m=1.0|size=400,pfifo,edd,60,60,,925.0596366666668,0.0,0.0,0.0,equivalent,,,,0.0,,,
size,emp_m_size,m=1.0|size=400,wspt,edd,60,60,,925.0596366666668,3.777726666666672,1.4915095000000065,6.594321999999997,equivalent,,,,5.102812499999991,,,
size,emp_m_size,m=1.0|size=400,atc,edd,60,60,,925.0596366666668,1.5919999999999979,0.3265000000000005,3.2737238333333267,equivalent,,,,2.947223833333326,,,
size,emp_m_size,m=1.0|size=400,wmdd,edd,60,60,,925.0596366666668,1.3891866666666752,0.31551999999999986,2.753560000000016,equivalent,,,,2.4380400000000164,,,
size,emp_m_size,m=1.0|size=400,lpt,edd,60,60,,925.0596366666668,1.9623466666666636,-0.30914766666667653,6.051493500000005,equivalent,,,,6.360641166666682,,,
size,emp_m_size,m=1.0|size=400,random,edd,60,60,,925.0596366666668,3.251643333333321,0.8943823333333284,6.975453999999988,equivalent,,,,6.081071666666659,,,
size,emp_m_size,m=1.0|size=400,mlp_pool,edd,60,60,,925.0596366666668,-0.29895999999999007,-0.7763039166666542,0.06701865000003218,equivalent,,,,0.8433225666666864,,,
size,emp_m_size,m=1.0|size=400,attn_pool,edd,60,60,,925.0596366666668,0.9446866666666771,0.04945343333331915,2.1588814833333365,equivalent,,,,2.1094280500000173,,,
size,emp_m_size,m=1.0|size=400,v1_pool,edd,60,60,,925.0596366666668,-0.1772222222222273,-0.5901185000000007,0.23486877777776974,equivalent,,,,0.8249872777777704,,,
size,emp_m_size,m=1.0|size=400,rollcp2,edd,16,16,,982.6792375,-0.09361249999996346,-0.4620381249999695,0.1137756250001221,equivalent,,,,0.5758137500000916,,,
size,emp_m_size,m=0.8|size=150,pfifo,edd,120,120,,204.78543666666667,0.0,0.0,0.0,equivalent,,,,0.0,,,
size,emp_m_size,m=0.8|size=150,wspt,edd,120,120,,204.78543666666667,1.2754466666666666,0.4664244999999998,2.473243333333333,inconclusive,,,,2.006818833333333,,,
size,emp_m_size,m=0.8|size=150,atc,edd,120,120,,204.78543666666667,0.4411133333333334,0.0,1.2822266666666668,equivalent,,,,1.2822266666666668,,,
size,emp_m_size,m=0.8|size=150,wmdd,edd,120,120,,204.78543666666667,0.04111333333333344,0.0,0.12334000000000031,equivalent,,,,0.12334000000000031,,,
size,emp_m_size,m=0.8|size=150,lpt,edd,120,120,,204.78543666666667,0.6333333333333333,0.0,1.6833333333333333,equivalent,,,,1.6833333333333333,,,
size,emp_m_size,m=0.8|size=150,random,edd,120,120,,204.78543666666667,1.10152,0.19085333333333335,2.4614139999999995,inconclusive,,,,2.270560666666666,,,
size,emp_m_size,m=0.8|size=150,mlp_pool,edd,120,120,,204.78543666666667,0.0008333333333345887,-1.8947806286936005e-15,0.0025000000000053053,equivalent,,,,0.0025000000000072,,,
size,emp_m_size,m=0.8|size=150,attn_pool,edd,120,120,,204.78543666666667,0.2413590000000015,0.036200000000003715,0.5454180833333367,equivalent,,,,0.5092180833333331,,,
size,emp_m_size,m=0.8|size=150,v1_pool,edd,120,120,,204.78543666666667,-3.789561257387201e-15,-9.473903143468002e-15,0.0,equivalent,,,,9.473903143468002e-15,,,
size,emp_m_size,m=0.8|size=150,rollcp2,edd,32,32,,267.408725,0.018137499999999918,0.006712500000002519,0.034849999999999694,equivalent,,,,0.028137499999997175,,,
size,emp_m_size,m=0.8|size=400,pfifo,edd,60,60,,930.3370833333335,0.0,0.0,0.0,equivalent,,,,0.0,,,
size,emp_m_size,m=0.8|size=400,wspt,edd,60,60,,930.3370833333335,8.62855999999997,4.421345833333324,13.438812499999958,inconclusive,,,,9.017466666666635,,,
size,emp_m_size,m=0.8|size=400,atc,edd,60,60,,930.3370833333335,3.70890666666664,1.199085999999986,6.721565833333289,equivalent,,,,5.5224798333333025,,,
size,emp_m_size,m=0.8|size=400,wmdd,edd,60,60,,930.3370833333335,2.6498233333333396,0.9042911666666787,4.722308750000023,equivalent,,,,3.818017583333344,,,
size,emp_m_size,m=0.8|size=400,lpt,edd,60,60,,930.3370833333335,24.81809333333333,2.558463750000003,58.85426341666664,inconclusive,,,,56.29579966666664,,,
size,emp_m_size,m=0.8|size=400,random,edd,60,60,,930.3370833333335,9.646813333333332,2.953850333333326,19.095759166666664,inconclusive,,,,16.14190883333334,,,
size,emp_m_size,m=0.8|size=400,mlp_pool,edd,60,60,,930.3370833333335,-0.44003466666666274,-1.520320999999995,0.8095408999999971,equivalent,,,,2.329861899999992,,,
size,emp_m_size,m=0.8|size=400,attn_pool,edd,60,60,,930.3370833333335,2.6745206666666723,0.6469546083333286,5.226409633333337,equivalent,,,,4.579455025000009,,,
size,emp_m_size,m=0.8|size=400,v1_pool,edd,60,60,,930.3370833333335,-0.7806666666666758,-1.62352630555558,-0.021435194444455904,equivalent,,,,1.602091111111124,,,
size,emp_m_size,m=0.8|size=400,rollcp2,edd,16,16,,984.8246999999999,-1.5690249999999963,-3.98553000000003,0.15172937500001632,equivalent,,,,4.137259375000046,,,
size,emp_m_size,m=0.6|size=150,pfifo,edd,120,120,,205.39232333333334,0.0,0.0,0.0,equivalent,,,,0.0,,,
size,emp_m_size,m=0.6|size=150,wspt,edd,120,120,,205.39232333333334,2.9216616666666657,1.3600434999999997,5.045573958333331,inconclusive,,,,3.6855304583333313,,,
size,emp_m_size,m=0.6|size=150,atc,edd,120,120,,205.39232333333334,1.0558983333333332,0.08309904166666662,2.76349975,inconclusive,,,,2.680400708333333,,,
size,emp_m_size,m=0.6|size=150,wmdd,edd,120,120,,205.39232333333334,0.6404183333333322,0.08333333333333333,1.5410988749999968,equivalent,,,,1.4577655416666635,,,
size,emp_m_size,m=0.6|size=150,lpt,edd,120,120,,205.39232333333334,3.477783333333333,0.6700401666666661,7.185134499999999,inconclusive,,,,6.515094333333333,,,
size,emp_m_size,m=0.6|size=150,random,edd,120,120,,205.39232333333334,3.5017449999999988,1.283039666666667,6.573078499999998,inconclusive,,,,5.29003883333333,,,
size,emp_m_size,m=0.6|size=150,mlp_pool,edd,120,120,,205.39232333333334,-0.057572499999999464,-0.2662187083333315,0.10336000416666519,equivalent,,,,0.3695787124999967,,,
size,emp_m_size,m=0.6|size=150,attn_pool,edd,120,120,,205.39232333333334,0.7208253333333329,0.22118527499999896,1.4412853833333301,equivalent,,,,1.2201001083333312,,,
size,emp_m_size,m=0.6|size=150,v1_pool,edd,120,120,,205.39232333333334,-0.13175222222222396,-0.35649666666666774,0.0023066666666636594,equivalent,,,,0.3588033333333314,,,
size,emp_m_size,m=0.6|size=150,rollcp2,edd,32,32,,268.60623125,0.145962500000001,0.011549375000000625,0.40675406249999957,equivalent,,,,0.39520468749999893,,,
size,emp_m_size,m=0.6|size=400,pfifo,edd,60,60,,944.3561800000002,0.0,0.0,0.0,equivalent,,,,0.0,,,
size,emp_m_size,m=0.6|size=400,wspt,edd,60,60,,944.3561800000002,30.346256666666672,14.52175141666664,49.01668091666676,worse,,,,34.49492950000012,,,
size,emp_m_size,m=0.6|size=400,atc,edd,60,60,,944.3561800000002,12.069000000000033,3.876769750000021,21.35407783333336,inconclusive,,,,17.477308083333337,,,
size,emp_m_size,m=0.6|size=400,wmdd,edd,60,60,,944.3561800000002,8.829383333333327,4.276237999999994,14.303900333333338,inconclusive,,,,10.027662333333344,,,
size,emp_m_size,m=0.6|size=400,lpt,edd,60,60,,944.3561800000002,248.15127666666663,52.95922991666668,567.2696971666663,worse,,,,514.3104672499996,,,
size,emp_m_size,m=0.6|size=400,random,edd,60,60,,944.3561800000002,75.80115666666666,17.50702141666664,177.30384624999996,worse,,,,159.79682483333332,,,
size,emp_m_size,m=0.6|size=400,mlp_pool,edd,60,60,,944.3561800000002,-1.0710366666666467,-5.005737591666623,3.2577894499999975,equivalent,,,,8.26352704166662,,,
size,emp_m_size,m=0.6|size=400,attn_pool,edd,60,60,,944.3561800000002,10.074551999999986,2.736974808333315,19.361522766666635,inconclusive,,,,16.62454795833332,,,
size,emp_m_size,m=0.6|size=400,v1_pool,edd,60,60,,944.3561800000002,-2.261446666666648,-6.566101916666656,1.8049871111111315,equivalent,,,,8.371089027777789,,,
size,emp_m_size,m=0.6|size=400,rollcp2,edd,16,16,,994.8807374999999,-2.245737499999983,-6.011335624999976,0.7629774999999597,equivalent,,,,6.774313124999936,,,
