scope_type,scope,method,reference,is_scope_best_ref,family,n_configs,n_clusters,mean_ref,mean_method,mean_diff,ci_lo,ci_hi,margin,wilcoxon_p,holm_p,verdict
emp_m,m=0.6,v2attnpool,atc,0,policy-vs-rule,180,180,456.44054111111114,455.55234311111104,-0.8881980000000155,-2.581376872222241,0.6521673694444236,4.564405411111111,0.7432477730683136,0.7432477730683136,equivalent
emp_m,m=0.6,v2attnpool,edd,0,policy-vs-rule,180,180,451.7136088888889,455.55234311111104,3.838734222222217,1.3042425833333327,7.040137813888879,4.517136088888889,1.6006157433507811e-06,9.603694460104686e-06,inconclusive
emp_m,m=0.6,v2attnpool,rl301,1,policy-vs-policy,180,180,449.76718111111114,455.55234311111104,5.7851619999999935,2.5544588305555553,9.53643550277777,4.497671811111111,3.7242123143448043e-09,7.4484246286896086e-09,inconclusive
emp_m,m=0.6,v2attnpool,wmdd,0,policy-vs-rule,180,180,455.0836822222222,455.55234311111104,0.46866088888888735,-1.2389237111111144,2.284976663888887,4.550836822222222,0.2151977017220844,0.6349631342321069,equivalent
emp_m,m=0.6,v2pool,atc,0,policy-vs-rule,180,180,456.44054111111114,451.31821500000007,-5.122326111111114,-8.733389505555564,-1.8371648222222174,4.564405411111111,0.00034419415790251174,0.0017209707895125587,inconclusive
emp_m,m=0.6,v2pool,edd,0,policy-vs-rule,180,180,451.7136088888889,451.31821500000007,-0.3953938888888819,-1.746209855555552,1.0218538833333284,4.517136088888889,0.21165437807736898,0.6349631342321069,equivalent
emp_m,m=0.6,v2pool,rl301,1,policy-vs-policy,180,180,449.76718111111114,451.31821500000007,1.551033888888895,0.5616835888888935,2.8050814750000126,4.497671811111111,0.00025934055224644063,0.00025934055224644063,equivalent
emp_m,m=0.6,v2pool,wmdd,0,policy-vs-rule,180,180,455.0836822222222,451.31821500000007,-3.765467222222212,-6.27957686666665,-1.5210879805555566,4.550836822222222,0.0003920504085464659,0.0017209707895125587,inconclusive
emp_m,m=0.8,v2attnpool,atc,0,policy-vs-rule,180,180,448.1663633333332,447.6883984444445,-0.4779648888888772,-1.067551711111088,-0.026455599999990857,4.481663633333333,0.9811983224615927,0.9811983224615927,equivalent
emp_m,m=0.8,v2attnpool,edd,0,policy-vs-rule,180,180,446.6359855555555,447.6883984444445,1.0524128888888917,0.3439700055555597,1.952417780555558,4.466359855555555,0.000139005036374323,0.000834030218245938,equivalent
emp_m,m=0.8,v2attnpool,rl301,1,policy-vs-policy,180,180,446.21380777777773,447.6883984444445,1.4745906666666675,0.6060452694444436,2.550096047222224,4.4621380777777775,1.4687604817125122e-06,2.9375209634250244e-06,equivalent
emp_m,m=0.8,v2attnpool,wmdd,0,policy-vs-rule,180,180,447.546668888889,447.6883984444445,0.1417295555555561,-0.29887937222222294,0.5618492666666668,4.47546668888889,0.013940969288819317,0.05576387715527727,equivalent
emp_m,m=0.8,v2pool,atc,0,policy-vs-rule,180,180,448.1663633333332,446.48986288888887,-1.6765004444444334,-3.0750044333333233,-0.5593537888888913,4.481663633333333,0.0043321257257642855,0.021660628628821427,equivalent
emp_m,m=0.8,v2pool,edd,0,policy-vs-rule,180,180,446.6359855555555,446.48986288888887,-0.1461226666666645,-0.5080279944444414,0.27441538888889094,4.466359855555555,0.2667702324557396,0.5335404649114792,equivalent
emp_m,m=0.8,v2pool,rl301,1,policy-vs-policy,180,180,446.21380777777773,446.48986288888887,0.27605511111111114,-0.16616667222221757,0.9032608499999951,4.4621380777777775,0.16424474857085447,0.16424474857085447,equivalent
emp_m,m=0.8,v2pool,wmdd,0,policy-vs-rule,180,180,447.546668888889,446.48986288888887,-1.0568060000000001,-1.9745236666666799,-0.3034422000000023,4.47546668888889,0.035789657990953856,0.10736897397286158,equivalent
emp_m,m=1.0,v2attnpool,atc,0,policy-vs-rule,180,180,445.5551500000001,445.26791222222226,-0.2872377777777732,-0.5991987166666631,-0.036513005555552154,4.455551500000001,0.7896502468253829,1.0,equivalent
emp_m,m=1.0,v2attnpool,edd,0,policy-vs-rule,180,180,444.8689277777778,445.26791222222226,0.39898444444444825,0.06656556111111486,0.8345761055555554,4.4486892777777785,0.005402904847771946,0.03241742908663167,equivalent
emp_m,m=1.0,v2attnpool,v2rl302,1,policy-vs-policy,180,180,444.6810166666667,445.26791222222226,0.5868955555555608,0.17295832222222948,1.1363507166666813,4.446810166666667,7.793601769306628e-05,0.00015587203538613257,equivalent
emp_m,m=1.0,v2attnpool,wmdd,0,policy-vs-rule,180,180,445.3319900000001,445.26791222222226,-0.06407777777777686,-0.33692084444443465,0.1834750500000002,4.453319900000001,0.06928737014654646,0.3464368507327323,equivalent
emp_m,m=1.0,v2pool,atc,0,policy-vs-rule,180,180,445.5551500000001,444.76927444444453,-0.7858755555555516,-1.4884151444444365,-0.209930905555552,4.455551500000001,0.3388634843676721,1.0,equivalent
emp_m,m=1.0,v2pool,edd,0,policy-vs-rule,180,180,444.8689277777778,444.76927444444453,-0.09965333333333001,-0.26032747777777454,0.024417238888889668,4.4486892777777785,0.6009589593685324,1.0,equivalent
emp_m,m=1.0,v2pool,v2rl302,1,policy-vs-policy,180,180,444.6810166666667,444.76927444444453,0.08825777777778258,0.021393400000005086,0.18448377222222698,4.446810166666667,0.0023454452584356434,0.0023454452584356434,equivalent
emp_m,m=1.0,v2pool,wmdd,0,policy-vs-rule,180,180,445.3319900000001,444.76927444444453,-0.5627155555555551,-1.108641733333348,-0.12605677222221875,4.453319900000001,0.5253644261147148,1.0,equivalent
emp_m_ubin,m=0.6|u_bin=0.5-0.8,v2attnpool,atc,0,policy-vs-rule,48,48,428.50320000000005,428.2763058333333,-0.22689416666667625,-2.0737388750000334,1.1984692916666613,4.285032,0.39672623294506304,0.5438952479894708,equivalent
emp_m_ubin,m=0.6|u_bin=0.5-0.8,v2attnpool,edd,0,policy-vs-rule,48,48,424.7407166666667,428.2763058333333,3.5355891666666692,0.20910264583333282,9.421396583333333,4.247407166666667,0.005213241256099401,0.03127944753659641,inconclusive
emp_m_ubin,m=0.6|u_bin=0.5-0.8,v2attnpool,v2rl303,1,policy-vs-policy,48,48,422.37986666666666,428.2763058333333,5.896439166666674,0.3524075416666651,14.971101729166675,4.223798666666666,0.0009815397525216685,0.001963079505043337,inconclusive
emp_m_ubin,m=0.6|u_bin=0.5-0.8,v2attnpool,wmdd,0,policy-vs-rule,48,48,427.7049541666667,428.2763058333333,0.5713516666666635,-1.6624530416666643,3.287463895833327,4.277049541666667,0.2719476239947354,0.5438952479894708,equivalent
emp_m_ubin,m=0.6|u_bin=0.5-0.8,v2pool,atc,0,policy-vs-rule,48,48,428.50320000000005,423.57219583333335,-4.931004166666676,-11.685872416666697,-0.1221250000000021,4.285032,0.03569190011680441,0.17845950058402205,inconclusive
emp_m_ubin,m=0.6|u_bin=0.5-0.8,v2pool,edd,0,policy-vs-rule,48,48,424.7407166666667,423.57219583333335,-1.1685208333333303,-3.0240750000000034,-0.059428333333332306,4.247407166666667,0.17629637444051116,0.5288891233215335,equivalent
emp_m_ubin,m=0.6|u_bin=0.5-0.8,v2pool,v2rl303,1,policy-vs-policy,48,48,422.37986666666666,423.57219583333335,1.1923291666666742,-0.024009999999994536,3.421892500000015,4.223798666666666,0.12750833049058283,0.12750833049058283,equivalent
emp_m_ubin,m=0.6|u_bin=0.5-0.8,v2pool,wmdd,0,policy-vs-rule,48,48,427.7049541666667,423.57219583333335,-4.132758333333336,-10.101973250000011,-0.12499999999999763,4.277049541666667,0.03569190011680441,0.17845950058402205,inconclusive
emp_m_ubin,m=0.6|u_bin=0.8-1.0,v2attnpool,atc,0,policy-vs-rule,27,27,688.3666518518518,687.7578155555557,-0.6088362962963226,-4.1206932777778125,2.5740657407407,6.883666518518518,0.9374729223624751,0.9374729223624751,equivalent
emp_m_ubin,m=0.6|u_bin=0.8-1.0,v2attnpool,edd,0,policy-vs-rule,27,27,683.4089481481482,687.7578155555557,4.348867407407398,-3.37202564814815,12.888577259259206,6.834089481481482,0.09948088075636449,0.4974044037818225,inconclusive
emp_m_ubin,m=0.6|u_bin=0.8-1.0,v2attnpool,v2rl305,1,policy-vs-policy,27,27,677.0946740740741,687.7578155555557,10.663141481481476,1.4044368148148074,24.0966606111111,6.770946740740741,0.0037017494066892425,0.007403498813378485,inconclusive
emp_m_ubin,m=0.6|u_bin=0.8-1.0,v2attnpool,wmdd,0,policy-vs-rule,27,27,689.6335185185185,687.7578155555557,-1.8757029629629978,-9.713620425925962,3.8428632962962586,6.896335185185185,0.43276758066778476,0.8655351613355695,inconclusive
emp_m_ubin,m=0.6|u_bin=0.8-1.0,v2pool,atc,0,policy-vs-rule,27,27,688.3666518518518,681.373648888889,-6.993002962962948,-19.422857574074108,3.2889422037037255,6.883666518518518,0.11412832776223863,0.4974044037818225,inconclusive
emp_m_ubin,m=0.6|u_bin=0.8-1.0,v2pool,edd,0,policy-vs-rule,27,27,683.4089481481482,681.373648888889,-2.0352992592592276,-4.964499870370326,0.5341318518518686,6.834089481481482,0.16142946236708333,0.4974044037818225,equivalent
emp_m_ubin,m=0.6|u_bin=0.8-1.0,v2pool,v2rl305,1,policy-vs-policy,27,27,677.0946740740741,681.373648888889,4.278974814814852,-0.11586222222220605,10.175035814814887,6.770946740740741,0.0687035743228782,0.0687035743228782,inconclusive
emp_m_ubin,m=0.6|u_bin=0.8-1.0,v2pool,wmdd,0,policy-vs-rule,27,27,689.6335185185185,681.373648888889,-8.259869629629623,-16.379063370370357,-1.5813807407407356,6.896335185185185,0.0499499764547464,0.2996998587284784,inconclusive
emp_m_ubin,m=0.6|u_bin=1.0-1.2,v2attnpool,atc,0,policy-vs-rule,18,18,1055.6066222222223,1059.3702811111111,3.763658888888782,-1.441646166666712,11.514229722221973,10.556066222222224,0.6744240722352938,1.0,inconclusive
emp_m_ubin,m=0.6|u_bin=1.0-1.2,v2attnpool,edd,0,policy-vs-rule,18,18,1044.3244222222224,1059.3702811111111,15.045858888888798,1.2632682222221834,38.24392066666648,10.443244222222225,0.0687035743228782,0.41222144593726917,inconclusive
emp_m_ubin,m=0.6|u_bin=1.0-1.2,v2attnpool,v2rl304,1,policy-vs-policy,18,18,1039.1574666666666,1059.3702811111111,20.212814444444362,2.222446666666647,51.47320152777762,10.391574666666665,0.011718685599768628,0.023437371199537257,inconclusive
emp_m_ubin,m=0.6|u_bin=1.0-1.2,v2attnpool,wmdd,0,policy-vs-rule,18,18,1052.3241222222223,1059.3702811111111,7.046158888888874,-1.3309266666667168,20.124828888888892,10.523241222222223,0.779434528427275,1.0,inconclusive
emp_m_ubin,m=0.6|u_bin=1.0-1.2,v2pool,atc,0,policy-vs-rule,18,18,1055.6066222222223,1051.061307777778,-4.5453144444444895,-15.941083277777903,5.537895555555559,10.556066222222224,0.16142946236708333,0.8071473118354167,inconclusive
emp_m_ubin,m=0.6|u_bin=1.0-1.2,v2pool,edd,0,policy-vs-rule,18,18,1044.3244222222224,1051.061307777778,6.736885555555526,-0.7937527222222371,17.579110055555482,10.443244222222225,0.4838398513935682,1.0,inconclusive
emp_m_ubin,m=0.6|u_bin=1.0-1.2,v2pool,v2rl304,1,policy-vs-policy,18,18,1039.1574666666666,1051.061307777778,11.903841111111092,0.344566388888904,30.48631333333328,10.391574666666665,0.04252247799805163,0.04252247799805163,inconclusive
emp_m_ubin,m=0.6|u_bin=1.0-1.2,v2pool,wmdd,0,policy-vs-rule,18,18,1052.3241222222223,1051.061307777778,-1.2628144444443978,-9.31657977777771,8.770179055555552,10.523241222222223,0.20757844233562428,0.8303137693424971,equivalent
emp_m_ubin,m=0.6|u_bin=<0.5,v2attnpool,atc,0,policy-vs-rule,34,34,148.86011764705881,148.91071294117648,0.05059529411764843,-0.7105741176470568,0.8176470588235297,1.4886011764705882,1.0,1.0,equivalent
emp_m_ubin,m=0.6|u_bin=<0.5,v2attnpool,edd,0,policy-vs-rule,34,34,148.2699294117647,148.91071294117648,0.6407835294117658,0.058823529411764705,1.3113717647058838,1.4826992941176471,0.06788915486182899,0.4073349291709739,equivalent
emp_m_ubin,m=0.6|u_bin=<0.5,v2attnpool,rl302,1,policy-vs-policy,34,34,147.94444705882353,148.91071294117648,0.9662658823529418,0.058823529411764705,2.2282094117647073,1.4794444705882352,0.06788915486182899,0.13577830972365798,inconclusive
emp_m_ubin,m=0.6|u_bin=<0.5,v2attnpool,wmdd,0,policy-vs-rule,34,34,148.77188235294116,148.91071294117648,0.13883058823529548,-0.5058823529411761,0.8352941176470599,1.4877188235294116,0.4652088184521418,1.0,equivalent
emp_m_ubin,m=0.6|u_bin=<0.5,v2pool,atc,0,policy-vs-rule,34,34,148.86011764705881,148.1891505882353,-0.6709670588235288,-2.154077647058821,0.2117647058823526,1.4886011764705882,0.28504940740261275,1.0,inconclusive
emp_m_ubin,m=0.6|u_bin=<0.5,v2pool,edd,0,policy-vs-rule,34,34,148.2699294117647,148.1891505882353,-0.0807788235294115,-0.6188070588235282,0.3176470588235289,1.4826992941176471,1.0,1.0,equivalent
emp_m_ubin,m=0.6|u_bin=<0.5,v2pool,rl302,1,policy-vs-policy,34,34,147.94444705882353,148.1891505882353,0.2447035294117646,0.0,0.5729317647058824,1.4794444705882352,0.10880943004054568,0.13577830972365798,equivalent
emp_m_ubin,m=0.6|u_bin=<0.5,v2pool,wmdd,0,policy-vs-rule,34,34,148.77188235294116,148.1891505882353,-0.5827317647058817,-1.8540776470588214,0.2117647058823526,1.4877188235294116,0.28504940740261275,1.0,inconclusive
emp_m_ubin,m=0.6|u_bin=>=1.2,v2attnpool,atc,0,policy-vs-rule,53,53,357.41662264150955,353.6050709433962,-3.811551698113202,-8.496644113207536,-0.08793150943396744,3.5741662264150955,0.8646775535945274,1.0,inconclusive
emp_m_ubin,m=0.6|u_bin=>=1.2,v2attnpool,edd,0,policy-vs-rule,53,53,351.5063471698113,353.6050709433962,2.0987237735849225,-0.4810093773584721,5.194623113207586,3.515063471698113,0.008971156804419326,0.05382694082651596,inconclusive
emp_m_ubin,m=0.6|u_bin=>=1.2,v2attnpool,rl301,1,policy-vs-policy,53,53,348.7443471698114,353.6050709433962,4.860723773584896,0.7501490943396222,10.347230433962244,3.487443471698114,0.000803313257091444,0.001606626514182888,inconclusive
emp_m_ubin,m=0.6|u_bin=>=1.2,v2attnpool,wmdd,0,policy-vs-rule,53,53,354.0573924528302,353.6050709433962,-0.45232150943394317,-2.195463698113143,0.8412242641509797,3.540573924528302,0.42643498438261274,1.0,equivalent
emp_m_ubin,m=0.6|u_bin=>=1.2,v2pool,atc,0,policy-vs-rule,53,53,357.41662264150955,350.0224550943397,-7.394167547169808,-15.761513216981125,-0.9496392452830185,3.5741662264150955,0.2023283082009374,0.842651172681641,inconclusive
emp_m_ubin,m=0.6|u_bin=>=1.2,v2pool,edd,0,policy-vs-rule,53,53,351.5063471698113,350.0224550943397,-1.4838920754716836,-4.237493575471629,0.5276462264150874,3.515063471698113,0.9593272374483622,1.0,inconclusive
emp_m_ubin,m=0.6|u_bin=>=1.2,v2pool,rl301,1,policy-vs-policy,53,53,348.7443471698114,350.0224550943397,1.2781079245282896,0.04397757547169467,3.032963132075442,3.487443471698114,0.006874035817356707,0.006874035817356707,equivalent
emp_m_ubin,m=0.6|u_bin=>=1.2,v2pool,wmdd,0,policy-vs-rule,53,53,354.0573924528302,350.0224550943397,-4.0349373584905495,-8.542353084905589,-0.6691339528301931,3.540573924528302,0.1685302345363282,0.842651172681641,inconclusive
emp_m_ubin,m=0.8|u_bin=0.5-0.8,v2attnpool,atc,0,policy-vs-rule,52,52,760.5938346153847,760.0454830769231,-0.54835153846153,-1.4843945480769039,0.11094412500001702,7.605938346153847,0.3793746688088797,0.6277544839012941,equivalent
emp_m_ubin,m=0.8|u_bin=0.5-0.8,v2attnpool,edd,0,policy-vs-rule,52,52,757.4608538461539,760.0454830769231,2.584629230769227,0.36903637499997455,5.556225028846153,7.574608538461539,0.019970875425605675,0.11982525255363405,equivalent
emp_m_ubin,m=0.8|u_bin=0.5-0.8,v2attnpool,rl301,1,policy-vs-policy,52,52,756.7845500000002,760.0454830769231,3.260933076923065,0.5824058076923051,6.795942740384586,7.5678455000000024,0.0032045855456292547,0.006409171091258509,equivalent
emp_m_ubin,m=0.8|u_bin=0.5-0.8,v2attnpool,wmdd,0,policy-vs-rule,52,52,759.3210038461538,760.0454830769231,0.7244792307692336,0.04309075961537856,1.6151787884615405,7.593210038461538,0.06267138786896245,0.2506855514758498,equivalent
emp_m_ubin,m=0.8|u_bin=0.5-0.8,v2pool,atc,0,policy-vs-rule,52,52,760.5938346153847,757.3512330769232,-3.242601538461526,-7.3193573461537955,-0.14246907692307698,7.605938346153847,0.03410150850504797,0.17050754252523986,equivalent
emp_m_ubin,m=0.8|u_bin=0.5-0.8,v2pool,edd,0,policy-vs-rule,52,52,757.4608538461539,757.3512330769232,-0.10962076923076908,-1.1823999999999821,1.2879067692307589,7.574608538461539,0.30763534293707706,0.6277544839012941,equivalent
emp_m_ubin,m=0.8|u_bin=0.5-0.8,v2pool,rl301,1,policy-vs-policy,52,52,756.7845500000002,757.3512330769232,0.5666830769230689,-0.8005255000000002,2.6126969615384366,7.5678455000000024,0.9291178274470843,0.9291178274470843,equivalent
emp_m_ubin,m=0.8|u_bin=0.5-0.8,v2pool,wmdd,0,policy-vs-rule,52,52,759.3210038461538,757.3512330769232,-1.9697707692307627,-4.675264076923067,0.17002084615385082,7.593210038461538,0.2092514946337647,0.6277544839012941,equivalent
emp_m_ubin,m=0.8|u_bin=0.8-1.0,v2attnpool,atc,0,policy-vs-rule,24,24,747.8034333333334,747.7894766666667,-0.013956666666621468,-0.664033083333213,0.5375000000000286,7.4780343333333334,0.7531523647659145,1.0,equivalent
emp_m_ubin,m=0.8|u_bin=0.8-1.0,v2attnpool,edd,0,policy-vs-rule,24,24,746.9473333333334,747.7894766666667,0.8421433333333385,0.05286666666665596,2.187363333333355,7.469473333333334,0.046399461870904594,0.27839677122542755,equivalent
emp_m_ubin,m=0.8|u_bin=0.8-1.0,v2attnpool,v2at305,1,policy-vs-policy,24,24,746.5306666666667,747.7894766666667,1.258810000000005,0.04869999999998479,3.4040300000000214,7.465306666666667,0.046399461870904594,0.09279892374180919,equivalent
emp_m_ubin,m=0.8|u_bin=0.8-1.0,v2attnpool,wmdd,0,policy-vs-rule,24,24,747.3114,747.7894766666667,0.4780766666666653,0.017966666666644926,1.1228319166666825,7.473114000000001,0.11585149752593009,0.5792574876296505,equivalent
emp_m_ubin,m=0.8|u_bin=0.8-1.0,v2pool,atc,0,policy-vs-rule,24,24,747.8034333333334,746.6765,-1.1269333333332974,-3.358399999999918,0.008333333333350032,7.4780343333333334,0.6001794871405538,1.0,equivalent
emp_m_ubin,m=0.8|u_bin=0.8-1.0,v2pool,edd,0,policy-vs-rule,24,24,746.9473333333334,746.6765,-0.2708333333333375,-0.8250000000000449,0.012500000000012909,7.469473333333334,0.892738400944348,1.0,equivalent
emp_m_ubin,m=0.8|u_bin=0.8-1.0,v2pool,v2at305,1,policy-vs-policy,24,24,746.5306666666667,746.6765,0.14583333333332918,-4.144832625267251e-15,0.43333333333330454,7.465306666666667,0.13801073756865956,0.13801073756865956,equivalent
emp_m_ubin,m=0.8|u_bin=0.8-1.0,v2pool,wmdd,0,policy-vs-rule,24,24,747.3114,746.6765,-0.6349000000000107,-1.882300000000057,0.008333333333349438,7.473114000000001,0.6001794871405538,1.0,equivalent
emp_m_ubin,m=0.8|u_bin=1.0-1.2,v2attnpool,atc,0,policy-vs-rule,13,13,286.9571384615384,282.84831692307694,-4.10882153846153,-10.29682461538463,0.18007384615384384,2.869571384615384,0.625,1.0,inconclusive
emp_m_ubin,m=0.8|u_bin=1.0-1.2,v2attnpool,edd,0,policy-vs-rule,13,13,282.4146923076923,282.84831692307694,0.43362461538461206,-2.0076184615384487,3.3390338461538316,2.824146923076923,1.0,1.0,inconclusive
emp_m_ubin,m=0.8|u_bin=1.0-1.2,v2attnpool,rl301,1,policy-vs-policy,13,13,279.9884307692308,282.84831692307694,2.859886153846147,0.02646153846153842,6.81141230769229,2.7998843076923077,0.125,0.25,inconclusive
emp_m_ubin,m=0.8|u_bin=1.0-1.2,v2attnpool,wmdd,0,policy-vs-rule,13,13,284.1554,282.84831692307694,-1.3070830769230866,-6.027473846153857,2.7104184615384472,2.841554,0.875,1.0,inconclusive
emp_m_ubin,m=0.8|u_bin=1.0-1.2,v2pool,atc,0,policy-vs-rule,13,13,286.9571384615384,281.26962769230767,-5.68751076923076,-14.76923076923077,0.0,2.869571384615384,0.5,1.0,inconclusive
emp_m_ubin,m=0.8|u_bin=1.0-1.2,v2pool,edd,0,policy-vs-rule,13,13,282.4146923076923,281.26962769230767,-1.1450646153846178,-3.3232707692307732,0.0,2.824146923076923,0.5,1.0,inconclusive
emp_m_ubin,m=0.8|u_bin=1.0-1.2,v2pool,rl301,1,policy-vs-policy,13,13,279.9884307692308,281.26962769230767,1.2811969230769171,0.0,3.8435907692307514,2.7998843076923077,1.0,1.0,inconclusive
emp_m_ubin,m=0.8|u_bin=1.0-1.2,v2pool,wmdd,0,policy-vs-rule,13,13,284.1554,281.26962769230767,-2.8857723076923163,-7.226160000000023,0.0,2.841554,0.5,1.0,inconclusive
emp_m_ubin,m=0.8|u_bin=<0.5,v2attnpool,atc,0,policy-vs-rule,61,61,224.5130491803279,224.35600983606557,-0.1570393442622875,-0.6075101639344193,0.09857836065574903,2.245130491803279,0.5001842570707944,1.0,equivalent
emp_m_ubin,m=0.8|u_bin=<0.5,v2attnpool,edd,0,policy-vs-rule,61,61,223.97280655737706,224.35600983606557,0.3832032786885346,0.019672131147545457,0.9915731147541176,2.239728065573771,0.043114446783075355,0.25868668069845213,equivalent
emp_m_ubin,m=0.8|u_bin=<0.5,v2attnpool,rl302,1,policy-vs-policy,61,61,223.9403672131148,224.35600983606557,0.41564262295082743,0.019672131147545457,1.1085632786885415,2.239403672131148,0.043114446783075355,0.08622889356615071,equivalent
emp_m_ubin,m=0.8|u_bin=<0.5,v2attnpool,wmdd,0,policy-vs-rule,61,61,224.5601573770492,224.35600983606557,-0.20414754098360474,-0.7521134426229563,0.09857836065574344,2.245601573770492,0.5001842570707944,1.0,equivalent
emp_m_ubin,m=0.8|u_bin=<0.5,v2pool,atc,0,policy-vs-rule,61,61,224.5130491803279,223.98018295081968,-0.5328662295081931,-1.5177199999999886,0.0,2.245130491803279,0.17971249487899976,0.8985624743949988,equivalent
emp_m_ubin,m=0.8|u_bin=<0.5,v2pool,edd,0,policy-vs-rule,61,61,223.97280655737706,223.98018295081968,0.007376393442629079,0.0,0.022129180327887236,2.239728065573771,0.31731050786291415,0.9519315235887424,equivalent
emp_m_ubin,m=0.8|u_bin=<0.5,v2pool,rl302,1,policy-vs-policy,61,61,223.9403672131148,223.98018295081968,0.039815737704921944,0.0,0.11944721311476583,2.239403672131148,0.31731050786291415,0.31731050786291415,equivalent
emp_m_ubin,m=0.8|u_bin=<0.5,v2pool,wmdd,0,policy-vs-rule,61,61,224.5601573770492,223.98018295081968,-0.5799744262295102,-1.6590445901639403,0.0,2.245601573770492,0.17971249487899976,0.8985624743949988,equivalent
emp_m_ubin,m=0.8|u_bin=>=1.2,v2attnpool,atc,0,policy-vs-rule,30,30,191.53482666666665,191.7284813333333,0.19365466666666675,0.008352000000000004,0.42453333333333415,1.9153482666666666,0.043114446783075355,0.25868668069845213,equivalent
emp_m_ubin,m=0.8|u_bin=>=1.2,v2attnpool,edd,0,policy-vs-rule,30,30,191.53482666666665,191.7284813333333,0.19365466666666675,0.008352000000000004,0.42731733333333316,1.9153482666666666,0.043114446783075355,0.25868668069845213,equivalent
emp_m_ubin,m=0.8|u_bin=>=1.2,v2attnpool,rl301,1,policy-vs-policy,30,30,191.50986666666668,191.7284813333333,0.21861466666666637,0.035798666666666375,0.4522829333333341,1.915098666666667,0.043114446783075355,0.08622889356615071,equivalent
emp_m_ubin,m=0.8|u_bin=>=1.2,v2attnpool,wmdd,0,policy-vs-rule,30,30,191.53482666666665,191.7284813333333,0.19365466666666675,0.010541333333333491,0.4256000000000006,1.9153482666666666,0.043114446783075355,0.25868668069845213,equivalent
emp_m_ubin,m=0.8|u_bin=>=1.2,v2pool,atc,0,policy-vs-rule,30,30,191.53482666666665,191.54596266666664,0.011136000000004512,-0.013194666666666703,0.04653333333333783,1.9153482666666666,0.5929800980174267,1.0,equivalent
emp_m_ubin,m=0.8|u_bin=>=1.2,v2pool,edd,0,policy-vs-rule,30,30,191.53482666666665,191.54596266666664,0.011136000000004512,-0.016458666666662174,0.04653333333333783,1.9153482666666666,0.5929800980174267,1.0,equivalent
emp_m_ubin,m=0.8|u_bin=>=1.2,v2pool,rl301,1,policy-vs-policy,30,30,191.50986666666668,191.54596266666664,0.03609600000000413,0.0,0.08659200000000825,1.915098666666667,0.10880943004054568,0.10880943004054568,equivalent
emp_m_ubin,m=0.8|u_bin=>=1.2,v2pool,wmdd,0,policy-vs-rule,30,30,191.53482666666665,191.54596266666664,0.011136000000004512,-0.016458666666662174,0.04660266666668024,1.9153482666666666,0.5929800980174267,1.0,equivalent
emp_m_ubin,m=1.0|u_bin=0.5-0.8,v2attnpool,atc,0,policy-vs-rule,52,52,860.7494846153845,860.4195007692307,-0.32998384615384807,-0.8783945961538511,0.07298076923074988,8.607494846153845,1.0,1.0,equivalent
emp_m_ubin,m=1.0|u_bin=0.5-0.8,v2attnpool,edd,0,policy-vs-rule,52,52,859.9591,860.4195007692307,0.4604007692307634,-0.10929230769231263,1.4598760961538226,8.599591,0.3457785861511603,1.0,equivalent
emp_m_ubin,m=1.0|u_bin=0.5-0.8,v2attnpool,rl303,1,policy-vs-policy,52,52,859.6020461538462,860.4195007692307,0.8174546153846101,0.05858153846153753,2.201260519230765,8.596020461538462,0.009521891184098838,0.019043782368197676,equivalent
emp_m_ubin,m=1.0|u_bin=0.5-0.8,v2attnpool,wmdd,0,policy-vs-rule,52,52,860.5744846153847,860.4195007692307,-0.15498384615386074,-0.589805999999995,0.11740923076922141,8.605744846153847,0.43205838114189277,1.0,equivalent
emp_m_ubin,m=1.0|u_bin=0.5-0.8,v2pool,atc,0,policy-vs-rule,52,52,860.7494846153845,859.6837892307692,-1.0656953846153785,-2.935089961538461,0.04311538461536628,8.607494846153845,1.0,1.0,equivalent
emp_m_ubin,m=1.0|u_bin=0.5-0.8,v2pool,edd,0,policy-vs-rule,52,52,859.9591,859.6837892307692,-0.27531076923076697,-0.7065857692307773,0.05722153846154888,8.599591,1.0,1.0,equivalent
emp_m_ubin,m=1.0|u_bin=0.5-0.8,v2pool,rl303,1,policy-vs-policy,52,52,859.6020461538462,859.6837892307692,0.08174307692307974,0.02138615384615784,0.16187369230770535,8.596020461538462,0.013292719001104273,0.019043782368197676,equivalent
emp_m_ubin,m=1.0|u_bin=0.5-0.8,v2pool,wmdd,0,policy-vs-rule,52,52,860.5744846153847,859.6837892307692,-0.8906953846153911,-2.3640466538461906,0.05722153846154761,8.605744846153847,1.0,1.0,equivalent
emp_m_ubin,m=1.0|u_bin=0.8-1.0,v2attnpool,atc,0,policy-vs-rule,13,13,282.8548923076923,280.7154307692308,-2.1394615384615263,-5.346999999999978,0.04184615384615388,2.828548923076923,0.625,1.0,inconclusive
emp_m_ubin,m=1.0|u_bin=0.8-1.0,v2attnpool,edd,0,policy-vs-rule,13,13,279.74566153846155,280.7154307692308,0.9697692307692485,-0.17819999999996414,3.0720000000000143,2.7974566153846157,0.625,1.0,inconclusive
emp_m_ubin,m=1.0|u_bin=0.8-1.0,v2attnpool,v2at302,1,policy-vs-policy,13,13,278.72824615384616,280.7154307692308,1.9871846153846515,0.015384615384618883,4.894600000000096,2.7872824615384615,0.125,0.25,inconclusive
emp_m_ubin,m=1.0|u_bin=0.8-1.0,v2attnpool,wmdd,0,policy-vs-rule,13,13,280.70104615384616,280.7154307692308,0.014384615384627498,-3.0546923076922883,3.0566153846153954,2.8070104615384617,0.875,1.0,inconclusive
emp_m_ubin,m=1.0|u_bin=0.8-1.0,v2pool,atc,0,policy-vs-rule,13,13,282.8548923076923,279.20379384615387,-3.6510984615384725,-8.799449230769264,0.0,2.828548923076923,0.5,1.0,inconclusive
emp_m_ubin,m=1.0|u_bin=0.8-1.0,v2pool,edd,0,policy-vs-rule,13,13,279.74566153846155,279.20379384615387,-0.5418676923076978,-1.6256030769230934,0.0,2.7974566153846157,1.0,1.0,equivalent
emp_m_ubin,m=1.0|u_bin=0.8-1.0,v2pool,v2at302,1,policy-vs-policy,13,13,278.72824615384616,279.20379384615387,0.4755476923077052,0.0,1.4266430769231158,2.7872824615384615,1.0,1.0,equivalent
emp_m_ubin,m=1.0|u_bin=0.8-1.0,v2pool,wmdd,0,policy-vs-rule,13,13,280.70104615384616,279.20379384615387,-1.4972523076923188,-4.491756923076957,0.0,2.8070104615384617,1.0,1.0,inconclusive
emp_m_ubin,m=1.0|u_bin=1.0-1.2,v2attnpool,atc,1,policy-vs-rule,6,6,5.666666666666667,5.666666666666667,0.0,0.0,0.0,1.0,1.0,1.0,equivalent
emp_m_ubin,m=1.0|u_bin=1.0-1.2,v2attnpool,edd,0,policy-vs-rule,6,6,5.666666666666667,5.666666666666667,0.0,0.0,0.0,1.0,1.0,1.0,equivalent
emp_m_ubin,m=1.0|u_bin=1.0-1.2,v2attnpool,wmdd,0,policy-vs-rule,6,6,5.666666666666667,5.666666666666667,0.0,0.0,0.0,1.0,1.0,1.0,equivalent
emp_m_ubin,m=1.0|u_bin=1.0-1.2,v2pool,atc,1,policy-vs-rule,6,6,5.666666666666667,5.666666666666667,0.0,0.0,0.0,1.0,1.0,1.0,equivalent
emp_m_ubin,m=1.0|u_bin=1.0-1.2,v2pool,edd,0,policy-vs-rule,6,6,5.666666666666667,5.666666666666667,0.0,0.0,0.0,1.0,1.0,1.0,equivalent
emp_m_ubin,m=1.0|u_bin=1.0-1.2,v2pool,wmdd,0,policy-vs-rule,6,6,5.666666666666667,5.666666666666667,0.0,0.0,0.0,1.0,1.0,1.0,equivalent
emp_m_ubin,m=1.0|u_bin=<0.5,v2attnpool,atc,0,policy-vs-rule,85,85,307.8553811764706,307.7296014117647,-0.1257797647058734,-0.3949002352940983,0.01922305882353378,3.078553811764706,0.9162824413291019,1.0,equivalent
emp_m_ubin,m=1.0|u_bin=<0.5,v2attnpool,edd,0,policy-vs-rule,85,85,307.36126352941176,307.7296014117647,0.3683378823529501,0.00039952941176746954,0.9836363411764923,3.0736126352941175,0.027281171477617997,0.163687028865708,equivalent
emp_m_ubin,m=1.0|u_bin=<0.5,v2attnpool,v2at302,1,policy-vs-policy,85,85,307.3265694117647,307.7296014117647,0.4030320000000078,0.002714823529414482,1.0803632941176589,3.073265694117647,0.027281171477617997,0.054562342955235994,equivalent
emp_m_ubin,m=1.0|u_bin=<0.5,v2attnpool,wmdd,0,policy-vs-rule,85,85,307.8192776470588,307.7296014117647,-0.08967623529410858,-0.3719534117646935,0.07789505882353717,3.0781927764705883,0.344118496135312,1.0,equivalent
emp_m_ubin,m=1.0|u_bin=<0.5,v2pool,atc,0,policy-vs-rule,85,85,307.8553811764706,307.39309552941177,-0.46228564705881703,-1.1633651764705786,2.6749844169792007e-15,3.078553811764706,0.2228009911811345,1.0,equivalent
emp_m_ubin,m=1.0|u_bin=<0.5,v2pool,edd,0,policy-vs-rule,85,85,307.36126352941176,307.39309552941177,0.031832000000006515,-0.00463058823529135,0.08832423529412849,3.0736126352941175,0.2228009911811345,1.0,equivalent
emp_m_ubin,m=1.0|u_bin=<0.5,v2pool,v2at302,1,policy-vs-policy,85,85,307.3265694117647,307.39309552941177,0.06652611764706415,1.3374922084896003e-15,0.18546070588236302,3.073265694117647,0.06559969214707187,0.06559969214707187,equivalent
emp_m_ubin,m=1.0|u_bin=<0.5,v2pool,wmdd,0,policy-vs-rule,85,85,307.8192776470588,307.39309552941177,-0.4261821176470522,-1.0712254117646922,2.6749844169792007e-15,3.0781927764705883,0.2228009911811345,1.0,equivalent
emp_m_ubin,m=1.0|u_bin=>=1.2,v2attnpool,atc,1,policy-vs-rule,24,24,231.75553333333335,231.92056000000002,0.1650266666666664,0.005193333333333309,0.3598333333333324,2.3175553333333334,0.06788915486182899,0.4073349291709739,equivalent
emp_m_ubin,m=1.0|u_bin=>=1.2,v2attnpool,edd,0,policy-vs-rule,24,24,231.75553333333335,231.92056000000002,0.1650266666666664,0.005193333333333309,0.35520366666666553,2.3175553333333334,0.06788915486182899,0.4073349291709739,equivalent
emp_m_ubin,m=1.0|u_bin=>=1.2,v2attnpool,wmdd,0,policy-vs-rule,24,24,231.75553333333335,231.92056000000002,0.1650266666666664,0.005193333333333309,0.35969333333333253,2.3175553333333334,0.06788915486182899,0.4073349291709739,equivalent
emp_m_ubin,m=1.0|u_bin=>=1.2,v2pool,atc,1,policy-vs-rule,24,24,231.75553333333335,231.78541333333337,0.02987999999999992,0.0,0.07580666666666647,2.3175553333333334,0.17971249487899976,0.5391374846369993,equivalent
emp_m_ubin,m=1.0|u_bin=>=1.2,v2pool,edd,0,policy-vs-rule,24,24,231.75553333333335,231.78541333333337,0.02987999999999992,0.0,0.07580666666666647,2.3175553333333334,0.17971249487899976,0.5391374846369993,equivalent
emp_m_ubin,m=1.0|u_bin=>=1.2,v2pool,wmdd,0,policy-vs-rule,24,24,231.75553333333335,231.78541333333337,0.02987999999999992,0.0,0.07580666666666647,2.3175553333333334,0.17971249487899976,0.5391374846369993,equivalent
emp_pooled,ALL,v2attnpool,atc,0,policy-vs-rule,587,227,454.39123918228285,459.183711584327,4.792472402044292,0.4049774268411502,11.251532685195977,4.543912391822828,0.12945752198535365,0.2725624248051986,inconclusive
emp_pooled,ALL,v2attnpool,edd,0,policy-vs-rule,587,227,453.97671345826234,459.183711584327,5.206998126064735,2.136052271295363,9.25591742492902,4.539767134582624,8.739929072288312e-13,5.243957443372987e-12,inconclusive
emp_pooled,ALL,v2attnpool,wmdd,0,policy-vs-rule,587,227,452.7353189097105,459.183711584327,6.448392674616695,1.4337554554597716,13.43223411696913,4.527353189097105,0.0001444117924650074,0.000722058962325037,inconclusive
emp_pooled,ALL,v2pool,atc,0,policy-vs-rule,587,227,454.39123918228285,463.58451798977853,9.193278807495746,0.8326759732689502,20.878083860683464,4.543912391822828,0.02420208141631817,0.09680832566527268,inconclusive
emp_pooled,ALL,v2pool,edd,0,policy-vs-rule,587,227,453.97671345826234,463.58451798977853,9.607804531516187,2.711836150575996,19.163493128462918,4.539767134582624,0.4845358375617812,0.4845358375617812,inconclusive
emp_pooled,ALL,v2pool,wmdd,0,policy-vs-rule,587,227,452.7353189097105,463.58451798977853,10.849199080068146,2.0111814170317603,23.31297492563976,4.527353189097105,0.09085414160173287,0.2725624248051986,inconclusive
emp_ubin,u_bin=0.5-0.8,v2attnpool,atc,0,policy-vs-rule,152,103,689.9868828947368,689.6147489473684,-0.37213394736842187,-1.0846285827817432,0.18884034847001752,6.899868828947368,0.9252793707231389,0.9252793707231389,equivalent
emp_ubin,u_bin=0.5-0.8,v2attnpool,edd,0,policy-vs-rule,152,103,687.4565263157896,689.6147489473684,2.1582226315789454,0.39352399717067943,4.8370317548666195,6.874565263157896,0.0001990909855883277,0.001194545913529966,equivalent
emp_ubin,u_bin=0.5-0.8,v2attnpool,v2rl303,1,policy-vs-policy,152,103,686.4705381578948,689.6147489473684,3.1442107894736835,0.6271280364238442,6.92181663173749,6.864705381578948,3.711552415821584e-07,7.423104831643168e-07,inconclusive
emp_ubin,u_bin=0.5-0.8,v2attnpool,wmdd,0,policy-vs-rule,152,103,689.2394947368421,689.6147489473684,0.37525421052631075,-0.44820511621462183,1.4795436201676293,6.8923949473684205,0.03198748843153323,0.1279499537261329,equivalent
emp_ubin,u_bin=0.5-0.8,v2pool,atc,0,policy-vs-rule,152,103,689.9868828947368,686.9558326315789,-3.031050263157891,-6.244894397301274,-0.5887081537162115,6.899868828947368,0.005469344169613165,0.027346720848065824,equivalent
emp_ubin,u_bin=0.5-0.8,v2pool,edd,0,policy-vs-rule,152,103,687.4565263157896,686.9558326315789,-0.5006936842105245,-1.2309857749469342,0.14483490729798787,6.874565263157896,0.11907362445115961,0.23814724890231923,equivalent
emp_ubin,u_bin=0.5-0.8,v2pool,v2rl303,1,policy-vs-policy,152,103,686.4705381578948,686.9558326315789,0.485294473684214,0.020377316701453645,1.2548345804878138,6.864705381578948,0.008911482255498574,0.008911482255498574,equivalent
emp_ubin,u_bin=0.5-0.8,v2pool,wmdd,0,policy-vs-rule,152,103,689.2394947368421,686.9558326315789,-2.2836621052631587,-4.6991767043032056,-0.3972501393103484,6.8923949473684205,0.03872129228608237,0.1279499537261329,equivalent
emp_ubin,u_bin=0.8-1.0,v2attnpool,atc,0,policy-vs-rule,64,64,628.28586875,627.5892040625,-0.6966646874999918,-2.3479235078124754,0.7712315312500226,6.2828586875,0.7577599676939444,0.7577599676939444,equivalent
emp_ubin,u_bin=0.8-1.0,v2attnpool,edd,0,policy-vs-rule,64,64,625.2417375,627.5892040625,2.3474665625000015,-0.8271576718749941,5.980956664062477,6.252417375,0.009850910466175594,0.05910546279705356,equivalent
emp_ubin,u_bin=0.8-1.0,v2attnpool,v2rl305,1,policy-vs-policy,64,64,622.246240625,627.5892040625,5.342963437500007,1.292990250000015,11.424875960937511,6.222462406250001,9.14928944129577e-05,0.0001829857888259154,inconclusive
emp_ubin,u_bin=0.8-1.0,v2attnpool,wmdd,0,policy-vs-rule,64,64,628.198315625,627.5892040625,-0.6091115625000127,-4.0496409218750165,1.9244019687499971,6.28198315625,0.14853614643738033,0.29707229287476067,equivalent
emp_ubin,u_bin=0.8-1.0,v2pool,atc,0,policy-vs-rule,64,64,628.28586875,624.1714662500001,-4.114402499999983,-9.563531867187484,0.46736239062501567,6.2828586875,0.022231238286019243,0.11115619143009622,inconclusive
emp_ubin,u_bin=0.8-1.0,v2pool,edd,0,policy-vs-rule,64,64,625.2417375,624.1714662500001,-1.0702712499999893,-2.3710446953124866,0.05550814062500935,6.252417375,0.09619703646278294,0.2885911093883488,equivalent
emp_ubin,u_bin=0.8-1.0,v2pool,v2rl305,1,policy-vs-policy,64,64,622.246240625,624.1714662500001,1.9252256250000166,0.055232406250009025,4.5431405390625175,6.222462406250001,0.013150364234284668,0.013150364234284668,equivalent
emp_ubin,u_bin=0.8-1.0,v2pool,wmdd,0,policy-vs-rule,64,64,628.198315625,624.1714662500001,-4.026849375000004,-7.69744977343752,-1.0613912187499952,6.28198315625,0.030908013652429556,0.12363205460971823,inconclusive
emp_ubin,u_bin=1.0-1.2,v2attnpool,atc,0,policy-vs-rule,37,37,615.2800540540541,615.6673832432433,0.3873291891891401,-3.2487997297297566,4.767639189189068,6.15280054054054,0.875329249147922,1.0,equivalent
emp_ubin,u_bin=1.0-1.2,v2attnpool,edd,0,policy-vs-rule,37,37,608.1954216216217,615.6673832432433,7.471961621621576,0.5941221891891693,19.03678044594583,6.081954216216217,0.11666446478102344,0.46665785912409374,inconclusive
emp_ubin,u_bin=1.0-1.2,v2attnpool,v2rl304,1,policy-vs-policy,37,37,605.007491891892,615.6673832432433,10.659891351351316,1.6284741216216123,26.86077190540531,6.05007491891892,0.002217721464237049,0.004435442928474098,inconclusive
emp_ubin,u_bin=1.0-1.2,v2attnpool,wmdd,0,policy-vs-rule,37,37,612.6987675675676,615.6673832432433,2.9686156756756645,-1.5760947702702768,9.782895999999988,6.126987675675677,0.9374729223624751,1.0,inconclusive
emp_ubin,u_bin=1.0-1.2,v2pool,atc,0,policy-vs-rule,37,37,615.2800540540541,611.0705054054055,-4.209548648648668,-10.358519081081091,1.4302366486486502,6.15280054054054,0.07446183141740546,0.44677098850443275,inconclusive
emp_ubin,u_bin=1.0-1.2,v2pool,edd,0,policy-vs-rule,37,37,608.1954216216217,611.0705054054055,2.8750837837837686,-0.9972332432432487,8.421829148648621,6.081954216216217,0.9593536340401635,1.0,inconclusive
emp_ubin,u_bin=1.0-1.2,v2pool,v2rl304,1,policy-vs-policy,37,37,605.007491891892,611.0705054054055,6.063013513513508,0.2905308108108191,15.066344864864837,6.05007491891892,0.02506184434388362,0.02506184434388362,inconclusive
emp_ubin,u_bin=1.0-1.2,v2pool,wmdd,0,policy-vs-rule,37,37,612.6987675675676,611.0705054054055,-1.6282621621621425,-5.787748135135157,3.4307471081081182,6.126987675675677,0.09260069782067576,0.4630034891033788,equivalent
emp_ubin,u_bin=<0.5,v2attnpool,atc,0,policy-vs-rule,180,85,249.57915222222226,249.4760942222222,-0.10305799999999295,-0.4371537094435597,0.14427493989071902,2.495791522222223,1.0,1.0,equivalent
emp_ubin,u_bin=<0.5,v2attnpool,edd,0,policy-vs-rule,180,85,249.0512566666667,249.4760942222222,0.42483755555556335,0.0967449218123514,0.8727087299196943,2.4905125666666668,0.0006516660806139112,0.003909996483683467,equivalent
emp_ubin,u_bin=<0.5,v2attnpool,rl302,1,policy-vs-policy,180,85,248.96509444444447,249.4760942222222,0.5109997777777847,0.10812856670875877,1.0307608682471927,2.489650944444445,0.0006516660806139112,0.0013033321612278225,equivalent
emp_ubin,u_bin=<0.5,v2attnpool,wmdd,0,policy-vs-rule,180,85,249.56140111111114,249.4760942222222,-0.08530688888888373,-0.45238878183558967,0.1783363487387899,2.4956140111111114,0.5699052889537048,1.0,equivalent
emp_ubin,u_bin=<0.5,v2pool,atc,0,policy-vs-rule,180,85,249.57915222222226,249.05353,-0.5256222222222178,-1.207934046153839,-0.014505247672250185,2.495791522222223,0.03653598360552364,0.18267991802761818,equivalent
emp_ubin,u_bin=<0.5,v2pool,edd,0,policy-vs-rule,180,85,249.0512566666667,249.05353,0.0022733333333385354,-0.10302521946454025,0.08453817655917217,2.4905125666666668,0.21312246884125097,0.6393674065237529,equivalent
emp_ubin,u_bin=<0.5,v2pool,rl302,1,policy-vs-policy,180,85,248.96509444444447,249.05353,0.08843555555555993,0.02055204419889689,0.17431571034483878,2.489650944444445,0.011616044899262472,0.011616044899262472,equivalent
emp_ubin,u_bin=<0.5,v2pool,wmdd,0,policy-vs-rule,180,85,249.56140111111114,249.05353,-0.5078711111111086,-1.2082963357393426,-0.02145022834360213,2.4956140111111114,0.03653598360552364,0.18267991802761818,equivalent
emp_ubin,u_bin=>=1.2,v2attnpool,atc,0,policy-vs-rule,107,53,282.7220429906542,280.9253891588785,-1.7966538317756984,-4.341077528129592,0.06735620493712044,2.827220429906542,0.10950803070119186,0.43803212280476744,inconclusive
emp_ubin,u_bin=>=1.2,v2attnpool,edd,0,policy-vs-rule,107,53,279.794523364486,280.9253891588785,1.1308657943925318,-0.17171296638655503,2.7695922286132957,2.79794523364486,0.00028397354847820976,0.0017038412908692586,equivalent
emp_ubin,u_bin=>=1.2,v2attnpool,rl301,1,policy-vs-policy,107,53,278.4336373831776,280.9253891588785,2.4917517757009295,0.43992979213184363,5.464756455492414,2.784336373831776,8.01793542849045e-05,0.000160358708569809,inconclusive
emp_ubin,u_bin=>=1.2,v2attnpool,wmdd,0,policy-vs-rule,107,53,281.0581252336449,280.9253891588785,-0.1327360747663457,-1.048938950814438,0.597125706256724,2.810581252336449,0.03695629473133208,0.1847814736566604,equivalent
emp_ubin,u_bin=>=1.2,v2pool,atc,0,policy-vs-rule,107,53,282.7220429906542,279.06933570093463,-3.6527072897196233,-8.118977127221845,-0.43738738308080755,2.827220429906542,0.6091628911933872,1.0,inconclusive
emp_ubin,u_bin=>=1.2,v2pool,edd,0,policy-vs-rule,107,53,279.794523364486,279.06933570093463,-0.7251876635513933,-2.185601597193332,0.2699467459893,2.79794523364486,0.42643498438261274,1.0,equivalent
emp_ubin,u_bin=>=1.2,v2pool,rl301,1,policy-vs-policy,107,53,278.4336373831776,279.06933570093463,0.6356983177570045,0.02594328431372588,1.5883934622338844,2.784336373831776,0.007586051542774685,0.007586051542774685,equivalent
emp_ubin,u_bin=>=1.2,v2pool,wmdd,0,policy-vs-rule,107,53,281.0581252336449,279.06933570093463,-1.9887895327102707,-4.486572355491972,-0.3185425501179274,2.810581252336449,0.6091628911933872,1.0,inconclusive
gen_all,ALL,v2attnpool,atc,0,policy-vs-rule,300,300,3357.982747666667,3931.6616058,573.6788581333333,494.0390878274998,660.6160909891665,33.57982747666667,2.424544735482844e-48,9.698178941931376e-48,worse
gen_all,ALL,v2attnpool,edd,0,policy-vs-rule,300,300,3334.1229350000003,3931.6616058,597.5386708000001,512.0866386091668,688.8410166450003,33.341229350000006,1.449576374452419e-48,8.697458246714514e-48,worse
gen_all,ALL,v2attnpool,v2rl310,1,policy-vs-policy,300,300,3327.4247600000003,3931.6616058,604.2368458,517.3796357891667,692.9350424283331,33.2742476,2.1603679938251713e-48,4.3207359876503426e-48,worse
gen_all,ALL,v2attnpool,wmdd,0,policy-vs-rule,300,300,3354.937094666667,3931.6616058,576.7245111333334,497.3800663450002,663.9487454308337,33.54937094666667,1.5439147895754996e-48,8.697458246714514e-48,worse
gen_all,ALL,v2pool,atc,0,policy-vs-rule,300,300,3357.982747666667,3477.7854378333336,119.80269016666661,84.38883347499996,158.72837794249978,33.57982747666667,7.945999611786357e-17,7.945999611786357e-17,worse
gen_all,ALL,v2pool,edd,0,policy-vs-rule,300,300,3334.1229350000003,3477.7854378333336,143.66250283333346,103.95818979500008,188.35099800333344,33.341229350000006,6.079458174025584e-29,1.8238374522076753e-28,worse
gen_all,ALL,v2pool,v2rl310,1,policy-vs-policy,300,300,3327.4247600000003,3477.7854378333336,150.3606778333333,112.46978376,192.34717640000022,33.2742476,5.460800636318034e-41,5.460800636318034e-41,worse
gen_all,ALL,v2pool,wmdd,0,policy-vs-rule,300,300,3354.937094666667,3477.7854378333336,122.8483431666669,87.05110975583342,163.44102073583366,33.54937094666667,1.9672645050270295e-18,3.934529010054059e-18,worse
gen_utarget,u_target=0.7,v2attnpool,atc,0,policy-vs-rule,60,60,2258.745656666667,2268.171578333333,9.425921666666632,4.814350016666673,15.64447325000004,22.58745656666667,1.4457896035538093e-07,5.783158414215237e-07,equivalent
gen_utarget,u_target=0.7,v2attnpool,edd,0,policy-vs-rule,60,60,2258.26579,2268.171578333333,9.905788333333385,5.36504012500012,15.998777708333268,22.5826579,8.056282097638929e-09,4.833769258583357e-08,equivalent
gen_utarget,u_target=0.7,v2attnpool,rl301,1,policy-vs-policy,60,60,2257.4997200000003,2268.171578333333,10.671858333333297,6.125915674999993,16.58450671666664,22.574997200000002,6.262036192682993e-09,1.2524072385365986e-08,equivalent
gen_utarget,u_target=0.7,v2attnpool,wmdd,0,policy-vs-rule,60,60,2259.15484,2268.171578333333,9.016738333333478,4.734951408333538,15.025018233333473,22.5915484,1.1717686243252537e-08,5.858843121626268e-08,equivalent
gen_utarget,u_target=0.7,v2pool,atc,0,policy-vs-rule,60,60,2258.745656666667,2258.038578333333,-0.7070783333334081,-1.9977730250000962,0.41948224999999806,22.58745656666667,0.646509942416081,0.7079320727321587,equivalent
gen_utarget,u_target=0.7,v2pool,edd,0,policy-vs-rule,60,60,2258.26579,2258.038578333333,-0.22721166666665446,-0.982841216666557,0.5232412583334568,22.5826579,0.3539660363660794,0.7079320727321587,equivalent
gen_utarget,u_target=0.7,v2pool,rl301,1,policy-vs-policy,60,60,2257.4997200000003,2258.038578333333,0.5388583333332585,-0.07995581666664557,1.1955870583331003,22.574997200000002,0.2263885523962469,0.2263885523962469,equivalent
gen_utarget,u_target=0.7,v2pool,wmdd,0,policy-vs-rule,60,60,2259.15484,2258.038578333333,-1.1162616666665608,-2.205185849999827,-0.14225963333317837,22.5915484,0.027843774894231732,0.0835313246826952,equivalent
gen_utarget,u_target=0.9,v2attnpool,atc,0,policy-vs-rule,60,60,3011.7549599999998,3218.8678233333335,207.1128633333333,170.393366425,244.94916663333342,30.117549599999997,2.3900953516978203e-11,1.434057211018692e-10,worse
gen_utarget,u_target=0.9,v2attnpool,edd,0,policy-vs-rule,60,60,3000.471016666667,3218.8678233333335,218.3968066666667,180.70581829999992,256.3589579999999,30.00471016666667,2.3900953516978203e-11,1.434057211018692e-10,worse
gen_utarget,u_target=0.9,v2attnpool,v2at302,1,policy-vs-policy,60,60,2990.305363333334,3218.8678233333335,228.56245999999967,188.7146645249999,270.6314504833326,29.90305363333334,2.3900953516978203e-11,4.7801907033956405e-11,worse
gen_utarget,u_target=0.9,v2attnpool,wmdd,0,policy-vs-rule,60,60,3008.92093,3218.8678233333335,209.94689333333343,173.8724444666669,246.86583639166696,30.089209300000004,2.3900953516978203e-11,1.434057211018692e-10,worse
gen_utarget,u_target=0.9,v2pool,atc,0,policy-vs-rule,60,60,3011.7549599999998,3006.3504020000005,-5.4045579999999855,-15.826135783333177,4.303593283332889,30.117549599999997,0.6800224151142729,0.9758203347405201,equivalent
gen_utarget,u_target=0.9,v2pool,edd,0,policy-vs-rule,60,60,3000.471016666667,3006.3504020000005,5.879385333333376,-0.30042407500004825,11.802231108333435,30.00471016666667,0.015590881445035504,0.046772644335106514,equivalent
gen_utarget,u_target=0.9,v2pool,v2at302,1,policy-vs-policy,60,60,2990.305363333334,3006.3504020000005,16.045038666666365,11.740670083333441,20.804871424999522,29.90305363333334,5.145276051717656e-10,5.145276051717656e-10,equivalent
gen_utarget,u_target=0.9,v2pool,wmdd,0,policy-vs-rule,60,60,3008.92093,3006.3504020000005,-2.5705279999998547,-11.527413124999802,6.051666258333238,30.089209300000004,0.48791016737026005,0.9758203347405201,equivalent
gen_utarget,u_target=1.0,v2attnpool,atc,0,policy-vs-rule,60,60,3141.090583333333,3529.8978383333333,388.80725500000005,324.828346783333,456.0872924499999,31.41090583333333,1.6295557943119345e-11,9.777334765871607e-11,worse
gen_utarget,u_target=1.0,v2attnpool,edd,0,policy-vs-rule,60,60,3120.22592,3529.8978383333333,409.6719183333332,343.92273237499995,480.27259464166633,31.2022592,1.6295557943119345e-11,9.777334765871607e-11,worse
gen_utarget,u_target=1.0,v2attnpool,rl301,1,policy-vs-policy,60,60,3104.7001566666668,3529.8978383333333,425.19768166666614,352.62821430833293,499.66723272499945,31.04700156666667,1.6295557943119345e-11,3.259111588623869e-11,worse
gen_utarget,u_target=1.0,v2attnpool,wmdd,0,policy-vs-rule,60,60,3139.4984933333326,3529.8978383333333,390.39934500000015,327.50357093333344,458.79937935833317,31.394984933333326,1.6295557943119345e-11,9.777334765871607e-11,worse
gen_utarget,u_target=1.0,v2pool,atc,0,policy-vs-rule,60,60,3141.090583333333,3143.022665666667,1.9320823333334733,-13.752098191666558,16.73516024166666,31.41090583333333,0.3343731497453104,0.3460152076613121,equivalent
gen_utarget,u_target=1.0,v2pool,edd,0,policy-vs-rule,60,60,3120.22592,3143.022665666667,22.796745666666705,14.667665350000268,32.25645610833335,31.2022592,6.98492037969754e-07,2.095476113909262e-06,inconclusive
gen_utarget,u_target=1.0,v2pool,rl301,1,policy-vs-policy,60,60,3104.7001566666668,3143.022665666667,38.32250899999963,28.8713420666662,49.1442528166663,31.04700156666667,1.4012615737083232e-10,1.4012615737083232e-10,inconclusive
gen_utarget,u_target=1.0,v2pool,wmdd,0,policy-vs-rule,60,60,3139.4984933333326,3143.022665666667,3.5241723333336563,-11.739365233332032,18.714776750000077,31.394984933333326,0.17300760383065605,0.3460152076613121,equivalent
gen_utarget,u_target=1.1,v2attnpool,atc,0,policy-vs-rule,60,60,3736.40786,4430.876619333333,694.4687593333333,590.5515689083331,800.8628325541671,37.3640786,1.6295557943119345e-11,9.777334765871607e-11,worse
gen_utarget,u_target=1.1,v2attnpool,edd,0,policy-vs-rule,60,60,3699.834936666666,4430.876619333333,731.041682666667,614.5756062625006,856.4748202833335,36.998349366666666,1.6295557943119345e-11,9.777334765871607e-11,worse
gen_utarget,u_target=1.1,v2attnpool,rl301,1,policy-vs-policy,60,60,3688.4963466666663,4430.876619333333,742.3802726666672,622.8237378833343,872.6606041125003,36.88496346666666,1.6295557943119345e-11,3.259111588623869e-11,worse
gen_utarget,u_target=1.1,v2attnpool,wmdd,0,policy-vs-rule,60,60,3737.1529633333334,4430.876619333333,693.723656,592.5241709416666,801.8660583166663,37.37152963333334,1.6295557943119345e-11,9.777334765871607e-11,worse
gen_utarget,u_target=1.1,v2pool,atc,0,policy-vs-rule,60,60,3736.40786,3806.6633296666673,70.2554696666666,37.51314885000008,105.97868851666631,37.3640786,2.6439482668270063e-06,5.287896533654013e-06,worse
gen_utarget,u_target=1.1,v2pool,edd,0,policy-vs-rule,60,60,3699.834936666666,3806.6633296666673,106.82839300000022,65.77977766666741,155.51224623333405,36.998349366666666,2.368757449511698e-09,7.106272348535094e-09,worse
gen_utarget,u_target=1.1,v2pool,rl301,1,policy-vs-policy,60,60,3688.4963466666663,3806.6633296666673,118.16698300000044,80.31104825000071,161.7578034500002,36.88496346666666,2.3197477000866613e-11,3.259111588623869e-11,worse
gen_utarget,u_target=1.1,v2pool,wmdd,0,policy-vs-rule,60,60,3737.1529633333334,3806.6633296666673,69.51036633333341,34.31845234166702,108.32514477500055,37.37152963333334,4.355799878897778e-06,5.287896533654013e-06,inconclusive
gen_utarget,u_target=1.3,v2attnpool,atc,0,policy-vs-rule,60,60,4641.9146783333335,6210.494169666667,1568.5794913333332,1330.4480486916664,1823.9268057583324,46.41914678333334,1.6295557943119345e-11,9.777334765871607e-11,worse
gen_utarget,u_target=1.3,v2attnpool,edd,0,policy-vs-rule,60,60,4591.817011666667,6210.494169666667,1618.6771580000002,1350.0985502874998,1916.7648819499998,45.91817011666667,1.6295557943119345e-11,9.777334765871607e-11,worse
gen_utarget,u_target=1.3,v2attnpool,v2rl304,1,policy-vs-policy,60,60,4569.811140000001,6210.494169666667,1640.6830296666667,1363.0952160416664,1937.6394964458325,45.69811140000001,1.6295557943119345e-11,3.259111588623869e-11,worse
gen_utarget,u_target=1.3,v2attnpool,wmdd,0,policy-vs-rule,60,60,4629.958246666666,6210.494169666667,1580.5359230000001,1335.0156767875008,1844.0664267666657,46.29958246666666,1.6295557943119345e-11,9.777334765871607e-11,worse
gen_utarget,u_target=1.3,v2pool,atc,0,policy-vs-rule,60,60,4641.9146783333335,5174.852213499999,532.9375351666663,398.3920093374995,678.8889815208331,46.41914678333334,1.8964365613380834e-11,9.777334765871607e-11,worse
gen_utarget,u_target=1.3,v2pool,edd,0,policy-vs-rule,60,60,4591.817011666667,5174.852213499999,583.0352018333338,432.65450834583345,748.9021045833332,45.91817011666667,1.6295557943119345e-11,9.777334765871607e-11,worse
gen_utarget,u_target=1.3,v2pool,v2rl304,1,policy-vs-policy,60,60,4569.811140000001,5174.852213499999,605.0410735,453.609407954167,779.5110975583339,45.69811140000001,1.6295557943119345e-11,3.259111588623869e-11,worse
gen_utarget,u_target=1.3,v2pool,wmdd,0,policy-vs-rule,60,60,4629.958246666666,5174.852213499999,544.8939668333338,405.4715787250003,701.3804695041673,46.29958246666666,1.6295557943119345e-11,9.777334765871607e-11,worse
stress,campus=2|m=1.0,v2attnpool,atc,0,policy-vs-rule,17,17,1252.115717647059,1435.1030294117645,182.98731176470585,42.46648949999998,374.9954300294116,12.52115717647059,0.008774633060101173,0.017549266120202345,worse
stress,campus=2|m=1.0,v2attnpool,edd,0,policy-vs-rule,17,17,1311.322141176471,1435.1030294117645,123.78088823529409,32.42847776470583,234.13841505882343,13.11322141176471,0.015906444101703374,0.017549266120202345,worse
stress,campus=2|m=1.0,v2attnpool,wmdd,1,policy-vs-rule,17,17,1218.2288470588235,1435.1030294117645,216.87418235294118,62.44066588235298,414.427511617647,12.182288470588235,0.0057715890441035304,0.01731476713231059,worse
stress,campus=2|m=1.0,v2pool,atc,0,policy-vs-rule,17,17,1252.115717647059,1649.8628376470588,397.74712,153.7633087941176,711.0246064117646,12.52115717647059,0.0028734139278525227,0.017240483567115137,worse
stress,campus=2|m=1.0,v2pool,edd,0,policy-vs-rule,17,17,1311.322141176471,1649.8628376470588,338.5406964705882,134.8402090294118,591.3045620294115,13.11322141176471,0.0028734139278525227,0.017240483567115137,worse
stress,campus=2|m=1.0,v2pool,wmdd,1,policy-vs-rule,17,17,1218.2288470588235,1649.8628376470588,431.63399058823535,162.96432917647059,762.3497171176466,12.182288470588235,0.0028734139278525227,0.017240483567115137,worse
transfer,campus=1|m=1.0,v2attnpool,atc,1,policy-vs-rule,30,30,80.41734666666666,80.41765066666667,0.00030400000000175474,0.0,0.0009120000000033694,1.0,0.17971249487899976,1.0,equivalent
transfer,campus=1|m=1.0,v2attnpool,edd,0,policy-vs-rule,30,30,80.41734666666666,80.41765066666667,0.00030400000000175474,0.0,0.0009120000000033694,1.0,0.17971249487899976,1.0,equivalent
transfer,campus=1|m=1.0,v2attnpool,wmdd,0,policy-vs-rule,30,30,80.41734666666666,80.41765066666667,0.00030400000000175474,0.0,0.0009120000000033694,1.0,0.17971249487899976,1.0,equivalent
transfer,campus=1|m=1.0,v2pool,atc,1,policy-vs-rule,30,30,80.41734666666666,80.41734666666666,1.8947806286936005e-15,0.0,5.684341886080802e-15,1.0,0.31731050786291415,1.0,equivalent
transfer,campus=1|m=1.0,v2pool,edd,0,policy-vs-rule,30,30,80.41734666666666,80.41734666666666,1.8947806286936005e-15,0.0,5.684341886080802e-15,1.0,0.31731050786291415,1.0,equivalent
transfer,campus=1|m=1.0,v2pool,wmdd,0,policy-vs-rule,30,30,80.41734666666666,80.41734666666666,1.8947806286936005e-15,0.0,5.684341886080802e-15,1.0,0.31731050786291415,1.0,equivalent
