scope,u_bin,ov_band,n_configs,n_clusters,mean_u,mean_overload_share,mean_wwt_edd,mean_wwt_best,best_method,margin_edd,mean_d_wmdd,d_wmdd_ci_lo,d_wmdd_ci_hi,mean_d_atc,d_atc_ci_lo,d_atc_ci_hi,verdict_wmdd_vs_edd,verdict_atc_vs_edd,mean_edd_minus_best,edd_best_ci_lo,edd_best_ci_hi,verdict_edd_vs_best,recommended_family
all,<0.5,<0.25,268,91,0.3511707290082327,0.04068167334081684,244.35436641791046,244.31549850746273,v2rl310,2.4435436641791046,-0.4452462686567182,-1.078721064844841,-0.05734767025089606,-0.483288059701493,-1.1626417706812666,-0.05185185185185185,equivalent,equivalent,0.03886791044776126,0.0007454545454545306,0.1035111672154622,equivalent,either
all,<0.5,0.25-0.5,31,19,0.39559336541282675,0.3229180835479531,85.55664516129033,85.19966451612903,v2rl301,1.0,-0.29246451612903185,-1.0461230769230754,0.0,-0.421496774193548,-1.4518222222222208,0.0,inconclusive,inconclusive,0.3569806451612899,0.0,1.2768923076923062,inconclusive,due-date
all,<0.5,0.5-0.75,4,3,0.45080949378273777,0.5750592275705355,624.4592,624.4592,atc,6.244592,0.0,0.0,0.0,0.0,0.0,0.0,equivalent,equivalent,0.0,0.0,0.0,equivalent,insufficient
all,0.5-0.8,<0.25,170,123,0.6296829165869529,0.08854542654260676,970.2648635294117,969.6306270588234,v2rl307,9.702648635294118,-0.9982117647058942,-1.879563090361432,-0.3040888614923127,-0.9475117647059172,-2.243900220669836,0.004065965956512494,equivalent,equivalent,0.6342364705881972,0.2859503597275235,1.0558067072468669,equivalent,either
all,0.5-0.8,0.25-0.5,110,66,0.6595621628300447,0.38868685091946037,847.0388254545455,846.6238654545459,v2rl303,8.470388254545455,-1.4058763636363014,-3.0513163571887483,-0.23556364010985573,-1.8656472727272697,-3.536468522027701,-0.5848084153701005,equivalent,equivalent,0.4149600000000432,-0.5963539583332776,1.6276238518822448,equivalent,either
all,0.5-0.8,0.5-0.75,74,45,0.6926449918050365,0.6139590503658606,757.5425270270271,748.2576243243243,v2rl303,7.575425270270271,6.1402810810810795,-5.441879012345688,25.984191666666675,4.128732432432439,-8.547174583333328,22.88301803490992,inconclusive,inconclusive,9.284902702702698,0.031141978021979377,27.56648380281689,inconclusive,due-date
all,0.5-0.8,>=0.75,6,6,0.745887740392439,0.8495856709310554,37.333333333333336,37.333333333333336,atc,1.0,0.0,0.0,0.0,0.0,0.0,0.0,equivalent,equivalent,0.0,0.0,0.0,equivalent,insufficient
all,0.8-1.0,<0.25,3,2,0.8669039118564519,0.24113939472637558,2028.0039333333334,2024.6442666666665,v2rl301,20.280039333333335,-3.0366666666667093,-4.555000000000064,0.0,0.7287333333332905,0.0,1.0930999999999358,equivalent,equivalent,3.35966666666665,0.0,5.039499999999975,equivalent,insufficient
all,0.8-1.0,0.25-0.5,69,66,0.8924856365791637,0.3895390204606461,2121.4533913043474,2115.342771014493,v2rl305,21.214533913043475,-8.114591304347762,-12.343823134328234,-4.343238534632356,-8.17471014492767,-13.631933656716386,-2.851682770789208,equivalent,equivalent,6.110620289854891,1.4832667964973416,11.266580771008618,equivalent,either
all,0.8-1.0,0.5-0.75,111,100,0.9184515644124271,0.6505919350390947,1926.815025225225,1920.3774936936936,v2rl310,19.26815025225225,-9.29665225225216,-14.42826060190328,-4.972090773262383,-11.197854054053883,-17.28019621040417,-5.9124261717468904,equivalent,equivalent,6.437531531531608,2.52740685515872,11.163896403449312,equivalent,either
all,0.8-1.0,>=0.75,38,31,0.9119168144699975,0.8377843318102972,286.11205789473684,285.166047368421,atc,2.8611205789473684,-0.2595052631579021,-0.7165294117647082,0.0,0.9460105263157923,-0.8348449549549734,4.102549904761947,equivalent,inconclusive,0.9460105263157923,-0.8267245707472304,4.059122222222249,inconclusive,due-date
all,1.0-1.2,0.25-0.5,8,7,1.0649934540361423,0.44683946040301303,409.85220000000004,402.3306,v2rl301,4.098522000000001,-3.6572999999999922,-8.777519999999981,0.0,-4.130049999999997,-8.306759999999997,0.0,inconclusive,inconclusive,7.5216000000000065,0.0,18.051840000000016,inconclusive,insufficient
all,1.0-1.2,0.5-0.75,67,64,1.0737347073250985,0.6895400007145055,2715.770713432836,2715.4766955223886,v2rl304,27.157707134328362,-16.01097910447717,-27.04413584615302,-6.834662679602049,-13.718119402985,-26.283706840795816,-0.9164577536230762,equivalent,equivalent,0.2940179104477085,-6.2512085447760315,6.42571480277181,equivalent,either
all,1.0-1.2,>=0.75,80,75,1.0985069983151519,0.852474033876774,2071.65289,2059.3871475000005,v2rl310,20.7165289,-23.223625000000233,-38.637920567333424,-9.926609951298577,-27.05551250000035,-45.22182848897165,-12.127839808362532,inconclusive,inconclusive,12.26574249999986,1.4473874390243127,24.423311715980326,inconclusive,due-date
all,>=1.2,0.5-0.75,30,21,1.3949729874378702,0.7063776234654658,782.5098800000001,764.5917400000002,wmdd,7.825098800000001,17.918139999999994,-6.218663880308877,71.04889979166667,14.848553333333347,-10.149429513546805,63.9204280769231,inconclusive,inconclusive,17.918139999999994,-6.034166818181837,70.31998419999992,inconclusive,due-date
all,>=1.2,>=0.75,272,132,2.492841811293196,0.9308276829511863,1559.6387643382352,1373.4725227941174,wmdd,15.596387643382352,186.1662415441176,59.85798604033976,345.70875294165756,185.44365624999986,56.72542163156002,347.5219486059478,better,better,186.1662415441176,57.57823306153096,343.4428753912034,worse,weighted
replay_only,<0.5,<0.25,268,91,0.3511707290082327,0.04068167334081684,244.35436641791046,244.31549850746273,v2rl310,2.4435436641791046,-0.4452462686567182,-1.0710681987823139,-0.05734767025089606,-0.483288059701493,-1.1439818008680909,-0.05165576839591932,equivalent,equivalent,0.03886791044776126,0.0007288888888888744,0.10228566916588577,equivalent,either
replay_only,<0.5,0.25-0.5,31,19,0.39559336541282675,0.3229180835479531,85.55664516129033,85.19966451612903,v2rl301,1.0,-0.29246451612903185,-1.0461230769230754,0.0,-0.421496774193548,-1.507661538461537,0.0,inconclusive,inconclusive,0.3569806451612899,0.0,1.2768923076923062,inconclusive,due-date
replay_only,<0.5,0.5-0.75,4,3,0.45080949378273777,0.5750592275705355,624.4592,624.4592,atc,6.244592,0.0,0.0,0.0,0.0,0.0,0.0,equivalent,equivalent,0.0,0.0,0.0,equivalent,insufficient
replay_only,0.5-0.8,<0.25,115,68,0.5946471038069088,0.11267049700743019,589.980307826087,589.4600139130433,v2rl310,5.89980307826087,-1.263222608695661,-2.58099277273743,-0.2757960858337442,-1.5845808695652182,-3.4059137583749113,-0.29773850000000185,equivalent,equivalent,0.5202939130434787,0.09179717349726876,1.1156444637288143,equivalent,either
replay_only,0.5-0.8,0.25-0.5,105,61,0.6563374803246148,0.39137474023328445,521.672521904762,521.0265371428571,v2rl303,5.21672521904762,-1.1974171428571405,-2.8945920721024208,-0.023639215686274587,-1.4788514285714314,-3.2650063284734245,-0.16545294843404004,equivalent,equivalent,0.6459847619047664,-0.3136909176029943,1.9474077303238866,equivalent,either
replay_only,0.5-0.8,0.5-0.75,74,45,0.6926449918050365,0.6139590503658606,757.5425270270271,748.2576243243243,v2rl303,7.575425270270271,6.1402810810810795,-5.289981818181828,25.515964705882357,4.128732432432439,-8.066439474917933,23.22641971830987,inconclusive,inconclusive,9.284902702702698,0.031107692307695237,27.356396325396798,inconclusive,due-date
replay_only,0.5-0.8,>=0.75,6,6,0.745887740392439,0.8495856709310554,37.333333333333336,37.333333333333336,atc,1.0,0.0,0.0,0.0,0.0,0.0,0.0,equivalent,equivalent,0.0,0.0,0.0,equivalent,insufficient
replay_only,0.8-1.0,<0.25,3,2,0.8669039118564519,0.24113939472637558,2028.0039333333334,2024.6442666666665,v2rl301,20.280039333333335,-3.0366666666667093,-4.555000000000064,0.0,0.7287333333332905,0.0,1.0930999999999358,equivalent,equivalent,3.35966666666665,0.0,5.039499999999975,equivalent,insufficient
replay_only,0.8-1.0,0.25-0.5,27,24,0.8643058989781445,0.42760905124872906,610.0526518518519,609.1640592592593,v2rl305,6.100526518518519,-1.7673037037036887,-4.318596249999996,-0.12579199999998308,-0.5124592592592613,-9.012360076628365,9.422327199999998,equivalent,inconclusive,0.8885925925926038,-5.60412307692307,8.400843791208791,inconclusive,due-date
replay_only,0.8-1.0,0.5-0.75,60,49,0.8986795350861362,0.630439045577809,914.3405333333334,913.0943333333333,v2rl310,9.143405333333334,-3.8602966666666796,-7.2068695967742205,-1.136617332251081,-5.769163333333306,-11.024035603773555,-1.7488335651665456,equivalent,inconclusive,1.2462000000000024,-0.5242143809523742,3.5749602950819805,equivalent,due-date
replay_only,0.8-1.0,>=0.75,33,26,0.9026147298189342,0.8449154186773634,232.72074545454547,232.72074545454547,edd,2.3272074545454546,-0.044703030303039806,-0.1341090909091194,0.0,-0.044703030303039806,-0.1383000000000294,0.0,equivalent,equivalent,0.0,0.0,0.0,equivalent,either
replay_only,1.0-1.2,0.25-0.5,3,2,1.082231703579139,0.46265807959679867,1092.9392,1072.8816,v2rl301,10.929392,-9.75279999999998,-14.629199999999969,0.0,-8.337866666666665,-12.506799999999998,0.0,inconclusive,inconclusive,20.05760000000002,0.0,30.086400000000026,inconclusive,insufficient
replay_only,1.0-1.2,0.5-0.75,26,23,1.0769209576850864,0.6928314573998408,520.2578307692308,512.7260384615385,v2rl301,5.202578307692309,0.04470769230770726,-2.009393008695607,2.5384000000000104,6.402207692307689,-7.032524999999999,29.53131880434782,equivalent,inconclusive,7.531792307692313,-5.818469230769226,29.540417399999995,inconclusive,due-date
replay_only,1.0-1.2,>=0.75,43,38,1.101816773188343,0.8735804568854761,532.9052930232559,532.9052930232558,edd,5.329052930232559,-4.131716279069734,-9.674031874999903,-0.3507250628019229,-8.546083720930243,-17.506661682926843,-1.878793953488383,inconclusive,inconclusive,0.0,0.0,0.0,equivalent,due-date
replay_only,>=1.2,0.5-0.75,22,13,1.4280394002989942,0.6984809391171499,492.9127090909091,468.4505181818183,wmdd,4.929127090909091,24.462190909090893,-8.511509100000035,101.98089138888882,19.528354545454558,-15.078424999999982,90.48242379084967,inconclusive,inconclusive,24.462190909090893,-8.612011739130455,100.96114469362736,inconclusive,due-date
replay_only,>=1.2,>=0.75,221,81,2.7672136097503848,0.9390046024632157,794.0119330316742,552.9010981900453,atc,7.940119330316742,238.69904162895926,81.78934738076521,438.74894408662584,241.11083484162896,88.04900333333335,436.4285891445495,better,better,241.11083484162896,82.84704668694316,440.4094557630598,worse,weighted
no_campus2,<0.5,<0.25,268,91,0.3511707290082327,0.04068167334081684,244.35436641791046,244.31549850746273,v2rl310,2.4435436641791046,-0.4452462686567182,-1.088471025185191,-0.05734767025089606,-0.483288059701493,-1.152364510496185,-0.05185185185185185,equivalent,equivalent,0.03886791044776126,0.0007426415094339475,0.10199561797752789,equivalent,either
no_campus2,<0.5,0.25-0.5,31,19,0.39559336541282675,0.3229180835479531,85.55664516129033,85.19966451612903,v2rl301,1.0,-0.29246451612903185,-1.0461230769230754,0.0,-0.421496774193548,-1.507661538461537,0.0,inconclusive,inconclusive,0.3569806451612899,0.0,1.2768923076923062,inconclusive,due-date
no_campus2,<0.5,0.5-0.75,4,3,0.45080949378273777,0.5750592275705355,624.4592,624.4592,atc,6.244592,0.0,0.0,0.0,0.0,0.0,0.0,equivalent,equivalent,0.0,0.0,0.0,equivalent,insufficient
no_campus2,0.5-0.8,<0.25,170,123,0.6296829165869529,0.08854542654260676,970.2648635294117,969.6306270588234,v2rl307,9.702648635294118,-0.9982117647058942,-1.9080755598802588,-0.30635734172454565,-0.9475117647059172,-2.1783350825764125,0.010449540106901889,equivalent,equivalent,0.6342364705881972,0.2924928906402093,1.0495829317268577,equivalent,either
no_campus2,0.5-0.8,0.25-0.5,109,65,0.6584102803783435,0.38857402984057454,847.4377798165139,847.0190128440371,v2rl303,8.474377798165138,-1.4187743119265426,-3.1305554574257055,-0.23193647435896847,-1.8827633027522905,-3.6300232726888875,-0.5784183147419143,equivalent,equivalent,0.41876697247710776,-0.5943579166665883,1.6459811957598942,equivalent,either
no_campus2,0.5-0.8,0.5-0.75,74,45,0.6926449918050365,0.6139590503658606,757.5425270270271,748.2576243243243,v2rl303,7.575425270270271,6.1402810810810795,-5.289981818181828,25.628243835616445,4.128732432432439,-8.373414473684212,22.903837291666676,inconclusive,inconclusive,9.284902702702698,0.031142857142858457,27.183615972222213,inconclusive,due-date
no_campus2,0.5-0.8,>=0.75,6,6,0.745887740392439,0.8495856709310554,37.333333333333336,37.333333333333336,atc,1.0,0.0,0.0,0.0,0.0,0.0,0.0,equivalent,equivalent,0.0,0.0,0.0,equivalent,insufficient
no_campus2,0.8-1.0,<0.25,3,2,0.8669039118564519,0.24113939472637558,2028.0039333333334,2024.6442666666665,v2rl301,20.280039333333335,-3.0366666666667093,-4.555000000000064,0.0,0.7287333333332905,0.0,1.0930999999999358,equivalent,equivalent,3.35966666666665,0.0,5.039499999999975,equivalent,insufficient
no_campus2,0.8-1.0,0.25-0.5,68,65,0.8937018884873482,0.3885677750365296,2145.719582352941,2138.7539941176474,v2rl305,21.45719582352941,-8.2339235294117,-12.811646671123116,-4.41171008403351,-7.892173529411899,-13.466268823529324,-2.207564195327825,equivalent,equivalent,6.965588235293933,2.6065272388054135,11.904884191176176,equivalent,either
no_campus2,0.8-1.0,0.5-0.75,108,97,0.9170173527093312,0.6518985655915401,1958.5719166666665,1951.7744499999997,v2rl310,19.585719166666667,-9.003659259259164,-14.343062583857304,-4.557107244008729,-10.798898148147972,-16.610664128440092,-5.629235491071402,equivalent,equivalent,6.797466666666741,2.740367839501327,11.719730000000158,equivalent,either
no_campus2,0.8-1.0,>=0.75,38,31,0.9119168144699975,0.8377843318102972,286.11205789473684,285.166047368421,atc,2.8611205789473684,-0.2595052631579021,-0.6983027027027133,0.0,0.9460105263157923,-0.8228153560371563,4.1103058823529715,equivalent,inconclusive,0.9460105263157923,-0.8267176470588358,4.088248137254947,inconclusive,due-date
no_campus2,1.0-1.2,0.25-0.5,8,7,1.0649934540361423,0.44683946040301303,409.85220000000004,402.3306,v2rl301,4.098522000000001,-3.6572999999999922,-8.777519999999981,0.0,-4.130049999999997,-8.306759999999997,0.0,inconclusive,inconclusive,7.5216000000000065,0.0,18.051840000000016,inconclusive,insufficient
no_campus2,1.0-1.2,0.5-0.75,66,63,1.0744621725875998,0.6895416242839134,2749.757857575758,2749.455336363637,v2rl304,27.49757857575758,-16.253569696969247,-27.291621238805238,-6.936212238805997,-13.511012121212044,-25.908807740205177,-0.4676566406248854,equivalent,equivalent,0.3025212121211586,-6.3841520384618375,6.560462185662755,equivalent,either
no_campus2,1.0-1.2,>=0.75,77,72,1.0978129900850206,0.852232195010945,2109.5304545454546,2094.7298831168837,v2rl310,21.095304545454546,-23.940041558441802,-40.93501509702041,-10.245448653846282,-26.780974025974388,-45.8670668181825,-11.34902243466447,inconclusive,inconclusive,14.800571428571285,5.058766238234246,26.498312421621122,inconclusive,due-date
no_campus2,>=1.2,0.5-0.75,25,16,1.4239759163734664,0.7184470305334629,716.932504,714.1259439999999,v2rl302,7.16932504,-2.1792319999999883,-7.372776293706272,0.0,-3.3687199999999855,-12.802052156084633,1.3670740909091552,inconclusive,inconclusive,2.806560000000029,0.2478347428571876,7.389086470588442,inconclusive,due-date
no_campus2,>=1.2,>=0.75,235,115,2.5312814249354862,0.933762046167931,1230.1063578723404,1222.8437744680843,v2rl304,12.301063578723404,-8.102198723404245,-26.745225857675564,13.445293693609067,-11.900448510638473,-32.0504063389834,9.044363366666497,inconclusive,inconclusive,7.262583404255226,0.16399775033566033,16.417495045129055,inconclusive,due-date
