scope_type,scope,pool,n_seeds,pooled_mean,min_mean,median_mean,max_mean,spread_abs,spread_ratio,spread_pct,best_seed,worst_seed,scope_best_method,n_seeds_in_set,seeds_outside_set,per_seed_means
emp_m,m=1.0,v2_mlp,10,444.7692744444445,444.68101666666666,444.75818777777783,444.95305222222225,0.2720355555555898,1.0006117543707955,0.06117543707955253,v2rl302,v2rl309,v2rl302,10,,v2rl302=444.681 v2rl308=444.708 v2rl310=444.712 v2rl303=444.731 v2rl301=444.756 v2rl305=444.760 v2rl304=444.763 v2rl307=444.770 v2rl306=444.859 v2rl309=444.953
emp_m,m=1.0,v2_attn,10,445.26791222222226,444.71602444444443,445.25160944444445,445.8835966666666,1.1675722222221907,1.0026254332159061,0.26254332159061367,v2at302,v2at301,v2rl302,10,,v2at302=444.716 v2at310=444.765 v2at305=444.893 v2at309=445.181 v2at308=445.251 v2at307=445.252 v2at306=445.432 v2at303=445.639 v2at304=445.665 v2at301=445.884
emp_m,m=1.0,v1_mlp,3,444.8098537037037,444.7627211111111,444.76439444444446,444.9024455555555,0.13972444444442544,1.0003141550265169,0.03141550265168824,rl301,rl303,v2rl302,3,,rl301=444.763 rl302=444.764 rl303=444.902
emp_m,m=0.8,v2_mlp,10,446.4898628888889,446.2874366666666,446.3479011111111,447.14385666666664,0.8564200000000142,1.0019189874722816,0.19189874722815858,v2rl301,v2rl309,rl301,10,,v2rl301=446.287 v2rl307=446.300 v2rl305=446.316 v2rl303=446.318 v2rl302=446.325 v2rl310=446.371 v2rl308=446.465 v2rl304=446.635 v2rl306=446.737 v2rl309=447.144
emp_m,m=0.8,v2_attn,10,447.6883984444445,446.26811,447.7690611111111,449.8277633333334,3.559653333333415,1.0079764904853574,0.7976490485357424,v2at302,v2at301,rl301,9,v2at301,v2at302=446.268 v2at305=446.662 v2at310=446.714 v2at309=447.526 v2at308=447.676 v2at306=447.862 v2at304=447.998 v2at307=448.120 v2at303=448.230 v2at301=449.828
emp_m,m=0.8,v1_mlp,3,446.3757633333334,446.2138077777778,446.31804555555556,446.59543666666667,0.38162888888888347,1.0008552601516063,0.08552601516063074,rl301,rl303,rl301,3,,rl301=446.214 rl302=446.318 rl303=446.595
emp_m,m=0.6,v2_mlp,10,451.31821499999995,450.2457377777778,450.7711411111111,453.91020555555554,3.664467777777759,1.0081388172509174,0.8138817250917363,v2rl302,v2rl306,rl301,8,v2rl306 v2rl309,v2rl302=450.246 v2rl303=450.348 v2rl310=450.373 v2rl305=450.535 v2rl304=450.567 v2rl308=450.975 v2rl307=451.134 v2rl301=451.649 v2rl309=453.444 v2rl306=453.910
emp_m,m=0.6,v2_attn,10,455.55234311111116,450.73348,455.4848644444445,460.80076,10.06728000000004,1.0223353277417955,2.2335327741795474,v2at302,v2at301,rl301,2,v2at301 v2at303 v2at304 v2at305 v2at306 v2at307 v2at308 v2at309,v2at302=450.733 v2at310=451.227 v2at309=454.160 v2at308=454.787 v2at306=455.010 v2at307=455.959 v2at304=456.736 v2at303=457.785 v2at305=458.325 v2at301=460.801
emp_m,m=0.6,v1_mlp,3,450.8719585185185,449.76718111111114,451.1882166666667,451.66047777777777,1.8932966666666289,1.0042095038192635,0.4209503819263549,rl301,rl303,rl301,3,,rl301=449.767 rl302=451.188 rl303=451.660
gen_all,ALL,v2_mlp,10,3477.7854378333336,3327.4247600000003,3376.449342666667,3978.4179933333335,650.9932333333331,1.1956447644313777,19.564476443137767,v2rl310,v2rl303,v2rl310,3,v2rl301 v2rl302 v2rl303 v2rl305 v2rl306 v2rl307 v2rl309,v2rl310=3327.425 v2rl304=3327.798 v2rl308=3328.363 v2rl305=3348.498 v2rl302=3375.066 v2rl307=3377.833 v2rl306=3389.076 v2rl301=3405.925 v2rl309=3919.452 v2rl303=3978.418
gen_all,ALL,v2_attn,10,3931.6616058,3342.6492893333334,3504.9437523333336,6897.662659666667,3555.013370333334,2.0635316668361448,106.35316668361448,v2at310,v2at301,v2rl310,1,v2at301 v2at302 v2at303 v2at304 v2at305 v2at306 v2at307 v2at308 v2at309,v2at310=3342.649 v2at302=3358.849 v2at307=3361.894 v2at308=3398.086 v2at303=3420.813 v2at306=3589.075 v2at309=3658.412 v2at304=3823.131 v2at305=4466.045 v2at301=6897.663
gen_all,ALL,v1_mlp,3,4026.6075214444445,3330.7672553333337,4058.342224,4690.713084999999,1359.9458296666658,1.4082980663056166,40.82980663056166,rl301,rl303,v2rl310,1,rl302 rl303,rl301=3330.767 rl302=4058.342 rl303=4690.713
gen_utarget,u_target=0.7,v2_mlp,10,2258.038578333333,2257.5426033333333,2257.82229,2259.7019233333335,2.159320000000207,1.0009564913622502,0.0956491362250178,v2rl307,v2rl303,rl301,10,,v2rl307=2257.543 v2rl301=2257.635 v2rl302=2257.737 v2rl304=2257.766 v2rl310=2257.799 v2rl306=2257.846 v2rl305=2257.848 v2rl308=2257.857 v2rl309=2258.654 v2rl303=2259.702
gen_utarget,u_target=0.7,v2_attn,10,2268.1715783333334,2257.57335,2260.53729,2334.254026666667,76.68067666666684,1.0339659735382094,3.3965973538209404,v2at302,v2at301,rl301,9,v2at301,v2at302=2257.573 v2at310=2258.303 v2at307=2258.775 v2at309=2259.100 v2at303=2260.149 v2at308=2260.926 v2at306=2262.492 v2at304=2264.644 v2at305=2265.500 v2at301=2334.254
gen_utarget,u_target=0.7,v1_mlp,3,2260.31803,2257.4997200000003,2259.88127,2263.5731,6.0733799999998155,1.002690312626041,0.2690312626040914,rl301,rl302,rl301,3,,rl301=2257.500 rl303=2259.881 rl302=2263.573
gen_utarget,u_target=0.9,v2_mlp,10,3006.350402,2990.81525,2993.8152966666667,3065.29547,74.48021999999992,1.0249029825563447,2.490298255634471,v2rl301,v2rl303,v2at302,8,v2rl303 v2rl309,v2rl301=2990.815 v2rl310=2990.941 v2rl305=2991.994 v2rl302=2993.477 v2rl306=2993.642 v2rl307=2993.989 v2rl308=2995.290 v2rl304=2997.740 v2rl309=3050.321 v2rl303=3065.295
gen_utarget,u_target=0.9,v2_attn,10,3218.867823333333,2990.305363333334,3043.2128000000002,4626.060289999999,1635.7549266666656,1.5470193602044935,54.70193602044935,v2at302,v2at301,v2at302,3,v2at301 v2at303 v2at304 v2at305 v2at306 v2at308 v2at309,v2at302=2990.305 v2at310=3005.028 v2at307=3008.888 v2at308=3022.190 v2at303=3026.288 v2at309=3060.138 v2at304=3113.481 v2at306=3126.648 v2at305=3209.652 v2at301=4626.060
gen_utarget,u_target=0.9,v1_mlp,3,3072.3479444444442,2991.6407800000006,3071.2015733333333,3154.20148,162.56069999999954,1.054338308625409,5.4338308625409,rl301,rl302,v2at302,1,rl302 rl303,rl301=2991.641 rl303=3071.202 rl302=3154.201
gen_utarget,u_target=1.0,v2_mlp,10,3143.022665666667,3108.184146666667,3115.51043,3276.3831999999998,168.1990533333328,1.0541148932613005,5.411489326130048,v2rl310,v2rl303,rl301,8,v2rl303 v2rl309,v2rl310=3108.184 v2rl305=3108.860 v2rl308=3113.170 v2rl307=3113.954 v2rl302=3115.302 v2rl306=3115.719 v2rl304=3117.911 v2rl301=3118.047 v2rl309=3242.697 v2rl303=3276.383
gen_utarget,u_target=1.0,v2_attn,10,3529.8978383333333,3107.8011100000003,3225.7570616666667,6040.129153333332,2932.328043333332,1.943537871164906,94.35378711649061,v2at302,v2at301,rl301,1,v2at301 v2at303 v2at304 v2at305 v2at306 v2at307 v2at308 v2at309 v2at310,v2at302=3107.801 v2at310=3126.659 v2at307=3134.975 v2at308=3153.166 v2at303=3170.674 v2at309=3280.840 v2at306=3295.962 v2at304=3376.223 v2at305=3612.549 v2at301=6040.129
gen_utarget,u_target=1.0,v1_mlp,3,3345.697075555556,3104.700156666667,3464.59616,3467.7949099999996,363.0947533333324,1.116950022550057,11.695002255005704,rl301,rl302,rl301,1,rl302 rl303,rl301=3104.700 rl303=3464.596 rl302=3467.795
gen_utarget,u_target=1.1,v2_mlp,10,3806.663329666667,3691.8667499999997,3724.1885783333337,4196.1345,504.26775000000043,1.1365888273188627,13.65888273188627,v2rl305,v2rl309,rl301,4,v2rl301 v2rl302 v2rl303 v2rl306 v2rl307 v2rl309,v2rl305=3691.867 v2rl310=3692.381 v2rl304=3695.764 v2rl308=3700.348 v2rl307=3722.230 v2rl302=3726.147 v2rl301=3741.892 v2rl306=3744.836 v2rl303=4155.033 v2rl309=4196.135
gen_utarget,u_target=1.1,v2_attn,10,4430.876619333334,3692.26803,3861.848111666667,8464.521763333332,4772.253733333332,2.2924992699767066,129.24992699767066,v2at302,v2at301,rl301,1,v2at301 v2at303 v2at304 v2at305 v2at306 v2at307 v2at308 v2at309 v2at310,v2at302=3692.268 v2at310=3718.350 v2at307=3734.891 v2at303=3774.576 v2at308=3778.251 v2at306=3945.445 v2at309=4037.686 v2at304=4217.017 v2at305=4945.760 v2at301=8464.522
gen_utarget,u_target=1.1,v1_mlp,3,4410.234236666666,3688.4963466666663,4478.806213333333,5063.400149999999,1374.9038033333322,1.3727545520211366,37.27545520211366,rl301,rl303,rl301,1,rl302 rl303,rl301=3688.496 rl302=4478.806 rl303=5063.400
gen_utarget,u_target=1.3,v2_mlp,10,5174.8522135,4569.811140000001,4792.057511666667,7135.676103333333,2565.8649633333325,1.5614816202958735,56.14816202958735,v2rl304,v2rl303,v2rl304,1,v2rl301 v2rl302 v2rl303 v2rl305 v2rl306 v2rl307 v2rl308 v2rl309 v2rl310,v2rl304=4569.811 v2rl308=4575.153 v2rl310=4587.819 v2rl305=4691.921 v2rl302=4782.667 v2rl307=4801.448 v2rl306=4833.338 v2rl301=4921.236 v2rl309=6849.453 v2rl303=7135.676
gen_utarget,u_target=1.3,v2_attn,10,6210.4941696666665,4604.906103333334,5093.601694166668,13023.348065,8418.441961666667,2.8281462798064103,182.81462798064103,v2at310,v2at301,v2rl304,0,v2at301 v2at302 v2at303 v2at304 v2at305 v2at306 v2at307 v2at308 v2at309 v2at310,v2at310=4604.906 v2at307=4671.940 v2at302=4746.296 v2at308=4775.898 v2at303=4872.377 v2at306=5314.826 v2at309=5654.297 v2at304=6144.289 v2at305=8296.764 v2at301=13023.348
gen_utarget,u_target=1.3,v1_mlp,3,7044.4403205555545,4611.499273333334,6927.335416666667,9594.486271666665,4982.986998333331,2.0805568217582033,108.05568217582034,rl301,rl303,v2rl304,0,rl301 rl302 rl303,rl301=4611.499 rl302=6927.335 rl303=9594.486
