scope_type,scope,family,n_seeds,n_configs,n_clusters,mean_ref,mean_diff,released_mean_diff,ci_lo_inst,ci_hi_inst,verdict_inst,ci_lo_seed,ci_hi_seed,verdict_seed,ci_lo_two,ci_hi_two,verdict_two,width_inst,width_seed,width_two,width_ratio_two_inst,verdict_changed,seed_sd,seed_min_mean,seed_max_mean
emp_m,m=1.0,mlp_pool,10,180,180,444.8689277777778,-0.09965333333334161,-0.09965333333333,-0.26138662777782884,0.02381453888889758,equivalent,-0.14158535555556834,-0.04717688055559646,equivalent,-0.2789640888886525,0.029315972222209667,equivalent,0.2852011666667264,0.09440847499997188,0.30828006111086215,1.08092145875092,0,0.08050311731984554,444.68101666666666,444.95305222222214
emp_m,m=1.0,attn_pool,10,180,180,444.8689277777778,0.3989844444444365,0.3989844444444482,0.06350566666663933,0.8330080111112449,equivalent,0.1639748777777681,0.6300112222221428,equivalent,0.032140516666687394,0.9477525333332806,equivalent,0.7695023444446055,0.4660363444443747,0.9156120166665932,1.1898755387515336,0,0.3954489245220253,444.71602444444443,445.88359666666673
emp_m,m=1.0,v1_pool,3,180,180,444.8689277777778,-0.05907407407407703,-0.059074074074077,-0.20094203703712182,0.07432524074078678,equivalent,-0.10620666666679122,0.03351777777764558,equivalent,-0.21843790740745134,0.14609537037029632,equivalent,0.2752672777779086,0.1397244444444368,0.3645332777777477,1.3242884541905513,0,0.08019126064055533,444.76272111111103,444.90244555555546
emp_m,m=0.8,mlp_pool,10,180,180,446.6359855555555,-0.14612266666667365,-0.1461226666666645,-0.5106374611112289,0.27492356111115607,equivalent,-0.2866966666666687,0.028207999999964765,equivalent,-0.5873074833333177,0.29617741666654374,equivalent,0.785561022222385,0.31490466666663347,0.8834848999998615,1.1246547053727867,0,0.2765916601499979,446.28743666666657,447.14385666666664
emp_m,m=0.8,attn_pool,10,180,180,446.6359855555555,1.052412888888888,1.0524128888888915,0.34375346666673573,1.9518699527775747,equivalent,0.48280775277772087,1.6669939444443316,equivalent,0.2422976638889203,2.3378782694443827,equivalent,1.608116486110839,1.1841861916666108,2.095580605555462,1.3031273689778122,0,1.012629095051783,446.26811,449.8277633333332
emp_m,m=0.8,v1_pool,3,180,180,446.6359855555555,-0.2602222222222253,-0.2602222222222278,-0.548954703703629,-0.0016757962963150626,equivalent,-0.4221777777779304,-0.04054888888899263,equivalent,-0.6647227037036605,0.1686352962963085,equivalent,0.5472789074073139,0.3816288888889378,0.833357999999969,1.5227299804919028,0,0.19725277846546965,446.2138077777776,446.59543666666656
emp_m,m=0.6,mlp_pool,10,180,180,451.7136088888889,-0.39539388888888394,-0.3953938888888819,-1.7245764500000749,1.0533188083333402,equivalent,-1.0806040916665753,0.4363223166667311,equivalent,-1.9943414166666338,1.3728855166665943,equivalent,2.777895258333415,1.5169264083333065,3.367226933333228,1.2121504305217683,0,1.31917909970961,450.24573777777766,453.91020555555554
emp_m,m=0.6,attn_pool,10,180,180,451.7136088888889,3.8387342222222216,3.838734222222217,1.245835872222232,7.073199766666736,inconclusive,2.0208078638889653,5.65139177499997,inconclusive,0.9868783194445577,7.939414158333253,inconclusive,5.827363894444504,3.630583911111005,6.9525358388886955,1.1930842083702495,0,3.1007813060187277,450.73348,460.80075999999997
emp_m,m=0.6,v1_pool,3,180,180,451.7136088888889,-0.8416503703703627,-0.8416503703703653,-2.2914774537036444,0.5118857129629149,equivalent,-1.946427777777717,-0.05313111111091631,equivalent,-2.572143999999947,1.067446148147998,equivalent,2.8033631666665593,1.8932966666668007,3.6395901481479447,1.2982942029860982,0,0.985473226021596,449.76718111111114,451.66047777777794
gen_all,ALL,mlp_pool,10,300,300,3334.1229350000003,143.66250283333355,143.66250283333346,105.13796323833378,188.29202560916679,worse,19.51290360000062,312.3813356758339,inconclusive,15.511451503333063,318.03776115583423,inconclusive,83.154062370833,292.86843207583325,302.52630965250114,3.6381422750383248,1,250.20523791536783,3327.4247599999985,3978.4179933333326
gen_all,ALL,attn_pool,10,300,300,3334.1229350000003,597.5386708000001,597.5386708000001,510.56795802166715,691.5235584866657,worse,119.04190577333357,1324.8408006066668,worse,117.50408805083441,1341.817264562499,worse,180.95560046499855,1205.7988948333332,1224.3131765116646,6.765820860838613,0,1097.0613402867068,3342.649289333333,6897.6626596666665
gen_all,ALL,v1_pool,3,300,300,3334.1229350000003,692.4845864444443,692.4845864444443,557.9639507861106,829.9784437583327,worse,-3.3556796666665467,1356.5901499999998,inconclusive,-1.798026474999408,1349.828947249999,inconclusive,272.0144929722221,1359.9458296666662,1351.6269737249984,4.968952054562127,1,680.528091570551,3330.767255333333,4690.713084999999
gen_utarget,u_target=0.7,mlp_pool,10,60,60,2258.26579,-0.2272116666665872,-0.2272116666666544,-0.9818076583337946,0.5241336250001766,equivalent,-0.5328799083332948,0.20726272500009746,equivalent,-1.073012675000124,0.7739527333332625,equivalent,1.5059412833339711,0.7401426333333923,1.8469654083333866,1.2264524711378053,0,0.6568457392349956,2257.5426033333333,2259.701923333333
gen_utarget,u_target=0.7,attn_pool,10,60,60,2258.26579,9.905788333333325,9.905788333333383,5.290342991666609,15.971439600000359,equivalent,1.3521453916664177,25.207583091666514,inconclusive,0.8112079250000351,29.86180410000047,inconclusive,10.68109660833375,23.855437700000095,29.050596175000436,2.7198140078926154,1,23.371139926957742,2257.5733499999997,2334.254026666667
gen_utarget,u_target=0.7,v1_pool,3,60,60,2258.26579,2.052240000000027,2.052240000000057,-0.26667249999974346,5.05215066666676,equivalent,-0.7660700000002786,5.307309999999416,equivalent,-0.8203394444446591,7.552832055555726,equivalent,5.318823166666504,6.073379999999695,8.373171500000385,1.574252656579322,0,3.060156144594516,2257.49972,2263.5730999999996
gen_utarget,u_target=0.9,mlp_pool,10,60,60,3000.471016666667,5.879385333333361,5.879385333333376,-0.12610604999971348,11.948245149999954,equivalent,-7.499548091667263,24.018121224999824,equivalent,-9.22622368333273,25.814050216666512,equivalent,12.074351199999667,31.51766931666709,35.04027389999924,2.9020419664453865,0,27.42540450860509,2990.81525,3065.2954700000005
gen_utarget,u_target=0.9,attn_pool,10,60,60,3000.471016666667,218.3968066666667,218.3968066666667,180.6459526750002,256.6880170333335,worse,31.140274333333462,546.9228976833326,worse,30.166745100000565,579.7262144166664,worse,76.0420643583333,515.7826233499992,549.5594693166659,7.227045635254912,0,499.21166756049854,2990.305363333334,4626.0602899999985
gen_utarget,u_target=0.9,v1_pool,3,60,60,3000.471016666667,71.8769277777778,71.87692777777777,44.08938913888797,104.6026857500002,worse,-8.830236666666558,153.73046333333332,inconclusive,-7.1861817499996326,165.78436838888877,inconclusive,60.51329661111224,162.56069999999988,172.9705501388884,2.8583891446285095,1,81.28641289395044,2991.64078,3154.20148
gen_utarget,u_target=1.0,mlp_pool,10,60,60,3120.22592,22.7967456666667,22.796745666666705,14.660012883333462,32.26696659166674,inconclusive,-7.162231658333318,64.59092695000024,inconclusive,-8.567599858333487,65.64450369999976,inconclusive,17.606953708333275,71.75315860833355,74.21210355833324,4.214931486030378,0,62.008397208234975,3108.184146666668,3276.3832000000007
gen_utarget,u_target=1.0,attn_pool,10,60,60,3120.22592,409.6719183333332,409.6719183333332,340.5300302833333,480.80396676666624,worse,63.03816128333391,1005.6161501500005,worse,60.05251947500026,1050.8101296833331,worse,140.27393648333293,942.5779888666666,990.7576102083328,7.063019938319423,0,895.4306514531821,3107.8011100000003,6040.129153333334
gen_utarget,u_target=1.0,v1_pool,3,60,60,3120.22592,225.4711555555555,225.47115555555544,158.6792291666664,307.6985703333338,worse,-15.525763333333694,347.56898999999925,inconclusive,-13.376639583333091,431.27614555555573,inconclusive,149.0193411666674,363.09475333333296,444.6527851388888,2.9838595557980403,1,208.71558203891712,3104.7001566666663,3467.7949099999996
gen_utarget,u_target=1.1,mlp_pool,10,60,60,3699.834936666666,106.82839300000032,106.82839300000022,65.49550197499963,156.86637485833353,worse,9.3712789166673,241.6843856166676,inconclusive,0.45643913333400166,249.46354249166671,inconclusive,91.3708728833339,232.3131067000003,249.0071033583327,2.725235028412996,1,195.65260008001445,3691.86675,4196.1345
gen_utarget,u_target=1.1,attn_pool,10,60,60,3699.834936666666,731.0416826666668,731.041682666667,616.9464483375006,853.6298455291663,worse,123.09910060000071,1698.8134045583329,worse,117.13629179999923,1795.0643304666655,worse,236.6833971916658,1575.7143039583323,1677.9280386666662,7.0893356212387095,0,1466.8810093722802,3692.26803,8464.521763333332
gen_utarget,u_target=1.1,v1_pool,3,60,60,3699.834936666666,710.3992999999995,710.3992999999995,564.3250045555556,860.9110502777771,worse,-11.33858999999987,1363.5652133333322,inconclusive,-7.592259749999635,1368.6783737777766,inconclusive,296.58604572222157,1374.903803333332,1376.2706335277762,4.640375544899278,1,690.0121043091171,3688.4963466666663,5063.400149999999
gen_utarget,u_target=1.3,mlp_pool,10,60,60,4591.817011666667,583.0352018333339,583.0352018333338,430.8681669666658,754.1523539500001,worse,95.95484965000006,1240.0593864833336,worse,85.06925125000062,1256.5571547375002,worse,323.28418698333434,1144.1045368333334,1171.4879034874996,3.623709264653551,0,967.6349130872759,4569.811140000001,7135.676103333334
gen_utarget,u_target=1.3,attn_pool,10,60,60,4591.817011666667,1618.6771580000002,1618.6771580000002,1351.390788683334,1912.6408052666652,worse,382.04431650416666,3351.922055704167,worse,360.4095101833343,3475.299205966666,worse,561.2500165833312,2969.8777392000006,3114.8896957833313,5.549914661465048,0,2641.9904045124804,4604.906103333333,13023.348065000004
gen_utarget,u_target=1.3,v1_pool,3,60,60,4591.817011666667,2452.6233088888894,2452.6233088888885,2026.827153555555,2876.3785974722223,worse,19.68226166666815,5002.669259999999,inconclusive,29.80714383333427,4870.719847958333,inconclusive,849.5514439166673,4982.986998333331,4840.9127041249985,5.698198430229311,1,2493.556701836931,4611.499273333335,9594.486271666665
transfer,campus=1|m=1.0,mlp_pool,10,30,30,80.41734666666666,4.736951571734001e-15,1.8947806286936005e-15,-1.5158245029548804e-14,3.031649005909761e-14,equivalent,0.0,1.5158245029548804e-14,equivalent,-1.5158245029548804e-14,3.031649005909761e-14,equivalent,4.5474735088646414e-14,1.5158245029548804e-14,4.5474735088646414e-14,1.0,0,1.4979556132593925e-14,80.41734666666666,80.41734666666666
transfer,campus=1|m=1.0,attn_pool,10,30,30,80.41734666666666,0.00030400000000459687,0.0003040000000017,-1.5158245029548804e-14,0.0009120000000014746,equivalent,0.0,0.0009120000000014746,equivalent,-1.5158245029548804e-14,0.0018240000000029491,equivalent,0.0009120000000166328,0.0009120000000014746,0.0018240000000181074,1.999999999983379,0,0.0009613324086907444,80.41734666666666,80.42038666666666
transfer,campus=1|m=1.0,v1_pool,3,30,30,80.41734666666666,0.0,0.0,-1.5158245029548804e-14,1.5158245029548804e-14,equivalent,0.0,0.0,equivalent,-1.5158245029548804e-14,1.5158245029548804e-14,equivalent,3.031649005909761e-14,0.0,3.031649005909761e-14,1.0,0,0.0,80.41734666666666,80.41734666666666
stress,campus=2|m=1.0,mlp_pool,10,17,17,1311.322141176471,338.5406964705882,338.5406964705882,134.74861932352934,582.3278216764706,worse,192.35124688235294,503.40939523529426,worse,107.40419279411775,665.5511519999998,worse,447.5792023529413,311.0581483529413,558.146959205882,1.2470350638985943,0,265.80567105106024,1324.8887411764706,2171.6928235294117
stress,campus=2|m=1.0,attn_pool,10,17,17,1311.322141176471,123.78088823529413,123.78088823529409,33.74048276470561,236.80407623529393,worse,17.62642941176476,245.7929982352942,worse,-0.7491661764707684,327.2599845294117,inconclusive,203.06359347058833,228.16656882352942,328.0091507058825,1.6153026010218383,1,195.34442438405205,1220.1060352941179,1823.9573764705885
stress,campus=2|m=1.0,v1_pool,3,17,17,1311.322141176471,282.6695411764706,282.6695411764706,110.2104875490195,498.5432362745097,worse,54.389364705883054,531.8261764705884,worse,46.88950058823514,666.5654907843137,worse,388.3327487254902,477.43681176470534,619.6759901960786,1.595734565858424,0,239.40206182647978,1365.7115058823533,1843.148317647059
