method,level,n_rows,n_configs,expected_configs,constant_by_construction,n_gen,n_emp,mean_wwt
atc,0,1080,1080,1080,1,540,540,1506.1950246296296
atc,8,1080,1080,1080,1,540,540,1506.1950246296296
atc,40,1080,1080,1080,1,540,540,1506.1950246296296
atc,full,1080,1080,1080,1,540,540,1506.1950246296296
atc_la,0,1080,1080,1080,0,540,540,1506.1950246296296
atc_la,8,1080,1080,1080,0,540,540,1504.9010555555556
atc_la,40,1080,1080,1080,0,540,540,1503.346667962963
atc_la,full,1080,1080,1080,0,540,540,1503.346667962963
edd,0,1080,1080,1080,1,540,540,1491.5317150000003
edd,8,1080,1080,1080,1,540,540,1491.5317150000003
edd,40,1080,1080,1080,1,540,540,1491.5317150000003
edd,full,1080,1080,1080,1,540,540,1491.5317150000003
rollcp2,0,144,144,144,0,0,144,507.51987222222226
rollcp2,8,144,144,144,0,0,144,507.7065166666667
rollcp2,40,144,144,144,0,0,144,509.31525000000005
rollcp2,full,144,144,144,0,0,144,510.4663958333333
v2rl301,0,1080,1080,1080,0,540,540,1499.9132042592594
v2rl301,8,0,0,0,0,0,0,
v2rl301,40,0,0,0,0,0,0,
v2rl301,full,0,0,0,0,0,0,
v2rl302,0,1080,1080,1080,0,540,540,1719.7881811111108
v2rl302,8,0,0,0,0,0,0,
v2rl302,40,0,0,0,0,0,0,
v2rl302,full,0,0,0,0,0,0,
v2rl303,0,1080,1080,1080,0,540,540,1759.7409337037036
v2rl303,8,0,0,0,0,0,0,
v2rl303,40,0,0,0,0,0,0,
v2rl303,full,0,0,0,0,0,0,
v2rl304,0,1080,1080,1080,0,540,540,1490.8081425925923
v2rl304,8,0,0,0,0,0,0,
v2rl304,40,0,0,0,0,0,0,
v2rl304,full,0,0,0,0,0,0,
v2rl305,0,1080,1080,1080,0,540,540,1494.628767037037
v2rl305,8,0,0,0,0,0,0,
v2rl305,40,0,0,0,0,0,0,
v2rl305,full,0,0,0,0,0,0,
v2rl306,0,1080,1080,1080,0,540,540,1509.0595598148147
v2rl306,8,0,0,0,0,0,0,
v2rl306,40,0,0,0,0,0,0,
v2rl306,full,0,0,0,0,0,0,
v2rl307,0,1080,1080,1080,0,540,540,1524.7494468518516
v2rl307,8,0,0,0,0,0,0,
v2rl307,40,0,0,0,0,0,0,
v2rl307,full,0,0,0,0,0,0,
v2rl308,0,1080,1080,1080,0,540,540,1498.988163148148
v2rl308,8,0,0,0,0,0,0,
v2rl308,40,0,0,0,0,0,0,
v2rl308,full,0,0,0,0,0,0,
v2rl309,0,1080,1080,1080,0,540,540,1615.6519653703704
v2rl309,8,0,0,0,0,0,0,
v2rl309,40,0,0,0,0,0,0,
v2rl309,full,0,0,0,0,0,0,
v2rl310,0,1080,1080,1080,0,540,540,1487.9510266666666
v2rl310,8,0,0,0,0,0,0,
v2rl310,40,0,0,0,0,0,0,
v2rl310,full,0,0,0,0,0,0,
vis0rl501,0,1080,1080,1080,0,540,540,1521.1876496296297
vis0rl501,8,0,0,0,0,0,0,
vis0rl501,40,0,0,0,0,0,0,
vis0rl501,full,0,0,0,0,0,0,
vis0rl502,0,1080,1080,1080,0,540,540,1498.7965470370368
vis0rl502,8,0,0,0,0,0,0,
vis0rl502,40,0,0,0,0,0,0,
vis0rl502,full,0,0,0,0,0,0,
vis0rl503,0,1080,1080,1080,0,540,540,1815.4816783333333
vis0rl503,8,0,0,0,0,0,0,
vis0rl503,40,0,0,0,0,0,0,
vis0rl503,full,0,0,0,0,0,0,
vis0rl504,0,1080,1080,1080,0,540,540,2141.0410737037037
vis0rl504,8,0,0,0,0,0,0,
vis0rl504,40,0,0,0,0,0,0,
vis0rl504,full,0,0,0,0,0,0,
vis0rl505,0,1080,1080,1080,0,540,540,2673.9662009259255
vis0rl505,8,0,0,0,0,0,0,
vis0rl505,40,0,0,0,0,0,0,
vis0rl505,full,0,0,0,0,0,0,
vis40rl501,0,0,0,0,0,0,0,
vis40rl501,8,0,0,0,0,0,0,
vis40rl501,40,1080,1080,1080,0,540,540,1495.4874025925924
vis40rl501,full,0,0,0,0,0,0,
vis40rl502,0,0,0,0,0,0,0,
vis40rl502,8,0,0,0,0,0,0,
vis40rl502,40,1080,1080,1080,0,540,540,1490.3270625925925
vis40rl502,full,0,0,0,0,0,0,
vis40rl503,0,0,0,0,0,0,0,
vis40rl503,8,0,0,0,0,0,0,
vis40rl503,40,1080,1080,1080,0,540,540,1491.531557037037
vis40rl503,full,0,0,0,0,0,0,
vis40rl504,0,0,0,0,0,0,0,
vis40rl504,8,0,0,0,0,0,0,
vis40rl504,40,1080,1080,1080,0,540,540,2132.5434612962963
vis40rl504,full,0,0,0,0,0,0,
vis40rl505,0,0,0,0,0,0,0,
vis40rl505,8,0,0,0,0,0,0,
vis40rl505,40,1080,1080,1080,0,540,540,2878.994130277777
vis40rl505,full,0,0,0,0,0,0,
vis8rl501,0,0,0,0,0,0,0,
vis8rl501,8,1080,1080,1080,0,540,540,1781.0576105555554
vis8rl501,40,0,0,0,0,0,0,
vis8rl501,full,0,0,0,0,0,0,
vis8rl502,0,0,0,0,0,0,0,
vis8rl502,8,1080,1080,1080,0,540,540,1491.1411964814818
vis8rl502,40,0,0,0,0,0,0,
vis8rl502,full,0,0,0,0,0,0,
vis8rl503,0,0,0,0,0,0,0,
vis8rl503,8,1080,1080,1080,0,540,540,1491.0968761111112
vis8rl503,40,0,0,0,0,0,0,
vis8rl503,full,0,0,0,0,0,0,
vis8rl504,0,0,0,0,0,0,0,
vis8rl504,8,1080,1080,1080,0,540,540,2120.88819962963
vis8rl504,40,0,0,0,0,0,0,
vis8rl504,full,0,0,0,0,0,0,
vis8rl505,0,0,0,0,0,0,0,
vis8rl505,8,1080,1080,1080,0,540,540,2877.0821389814805
vis8rl505,40,0,0,0,0,0,0,
vis8rl505,full,0,0,0,0,0,0,
visfullrl501,0,0,0,0,0,0,0,
visfullrl501,8,0,0,0,0,0,0,
visfullrl501,40,0,0,0,0,0,0,
visfullrl501,full,1080,1080,1080,0,540,540,1501.2180875925926
visfullrl502,0,0,0,0,0,0,0,
visfullrl502,8,0,0,0,0,0,0,
visfullrl502,40,0,0,0,0,0,0,
visfullrl502,full,1080,1080,1080,0,540,540,1493.4683209259258
visfullrl503,0,0,0,0,0,0,0,
visfullrl503,8,0,0,0,0,0,0,
visfullrl503,40,0,0,0,0,0,0,
visfullrl503,full,1080,1080,1080,0,540,540,1494.4636887037036
visfullrl504,0,0,0,0,0,0,0,
visfullrl504,8,0,0,0,0,0,0,
visfullrl504,40,0,0,0,0,0,0,
visfullrl504,full,1080,1080,1080,0,540,540,2132.5434612962963
visfullrl505,0,0,0,0,0,0,0,
visfullrl505,8,0,0,0,0,0,0,
visfullrl505,40,0,0,0,0,0,0,
visfullrl505,full,1080,1080,1080,0,540,540,2878.994130277777
wmdd,0,1080,1080,1080,1,540,540,1510.1994937037036
wmdd,8,1080,1080,1080,1,540,540,1510.1994937037036
wmdd,40,1080,1080,1080,1,540,540,1510.1994937037036
wmdd,full,1080,1080,1080,1,540,540,1510.1994937037036
