u_bin,u_lo,u_hi,n_configs_bin,n_anchors_bin,method,family,rank,mean,best_method,mean_best,pct_from_best,n_configs,n_clusters,mean_diff,ci_lo,ci_hi,margin,verdict,in_equivalence_set
<0.5,0.1199637827373296,0.498426,175,85,v2rl310,policy,1,286.91808457142855,v2rl310,286.91808457142855,0.0,175,85,0.0,0.0,0.0,2.8691808457142858,equivalent,1
<0.5,0.1199637827373296,0.498426,175,85,v2rl302,policy,2,286.93228457142857,v2rl310,286.91808457142855,0.004949147775479987,175,85,0.014199999999999428,0.0,0.040737704918031144,2.869180845714286,equivalent,1
<0.5,0.1199637827373296,0.498426,175,85,v2rl303,policy,3,286.93627542857143,v2rl310,286.91808457142855,0.006340087335399333,175,85,0.018190857142856526,-0.04121448303078137,0.09970877192982268,2.869180845714286,equivalent,1
<0.5,0.1199637827373296,0.498426,175,85,v2rl305,policy,4,286.9465702857143,v2rl310,286.91808457142855,0.00992816968240246,175,85,0.028485714285713715,0.0,0.07370044378698046,2.869180845714286,equivalent,1
<0.5,0.1199637827373296,0.498426,175,85,v2rl308,policy,5,286.94955542857144,v2rl310,286.91808457142855,0.01096858610007123,175,85,0.0314708571428566,-0.031055900621118012,0.12717790697674378,2.869180845714286,equivalent,1
<0.5,0.1199637827373296,0.498426,175,85,v2rl301,policy,6,286.9634845714286,v2rl310,286.91808457142855,0.015823331620188206,175,85,0.045399999999999635,0.0,0.1244571428571414,2.869180845714286,equivalent,1
<0.5,0.1199637827373296,0.498426,175,85,v2rl307,policy,6,286.9634845714286,v2rl310,286.91808457142855,0.015823331620188206,175,85,0.045399999999999635,0.0,0.12517241379310198,2.869180845714286,equivalent,1
<0.5,0.1199637827373296,0.498426,175,85,edd,duedate,8,286.9745565714286,v2rl310,286.91808457142855,0.019682272758928615,175,85,0.056471999999999495,0.0,0.15231225653656597,2.869180845714286,equivalent,1
<0.5,0.1199637827373296,0.498426,175,85,pfifo,duedate,8,286.9745565714286,v2rl310,286.91808457142855,0.019682272758928615,175,85,0.056471999999999495,0.0,0.15169772727272635,2.869180845714286,equivalent,1
<0.5,0.1199637827373296,0.498426,175,85,v2rl304,policy,10,286.98913371428574,v2rl310,286.91808457142855,0.024762866712747612,175,85,0.07104914285714294,-0.02857142857142857,0.21144871508379914,2.869180845714286,equivalent,1
<0.5,0.1199637827373296,0.498426,175,85,v2rl309,policy,11,287.11152571428573,v2rl310,286.91808457142855,0.06742033815893006,175,85,0.1934411428571426,0.00847457627118644,0.42777477464255254,2.869180845714286,equivalent,1
<0.5,0.1199637827373296,0.498426,175,85,v2rl306,policy,12,287.1691988571429,v2rl310,286.91808457142855,0.08752124707977672,175,85,0.25111428571428535,0.0,0.7263848556760937,2.869180845714286,equivalent,1
<0.5,0.1199637827373296,0.498426,175,85,lpt,processing,13,287.37827771428573,v2rl310,286.91808457142855,0.16039182177887895,175,85,0.46019314285714247,0.014204545454545454,1.083527586206896,2.869180845714286,equivalent,1
<0.5,0.1199637827373296,0.498426,175,85,wmdd,weighted,14,287.40597142857143,v2rl310,286.91808457142855,0.1700439544867457,175,85,0.4878868571428565,0.04630960451977399,1.091302337016572,2.869180845714286,equivalent,1
<0.5,0.1199637827373296,0.498426,175,85,atc,weighted,15,287.48636457142857,v2rl310,286.91808457142855,0.19806349984834845,175,85,0.5682799999999995,0.04135952225004814,1.234511932001613,2.869180845714286,equivalent,1
<0.5,0.1199637827373296,0.498426,175,85,random,random,16,287.71227999999996,v2rl310,286.91808457142855,0.2768021506060548,175,85,0.7941954285714266,0.18797284931382074,1.6027600524590153,2.869180845714286,equivalent,1
<0.5,0.1199637827373296,0.498426,175,85,wspt,processing,17,288.07771085714285,v2rl310,286.91808457142855,0.40416632762847193,175,85,1.1596262857142852,0.36089469299347054,2.2134725855935953,2.869180845714286,equivalent,1
0.5-0.8,0.5006250904758119,0.797182,171,107,v2rl302,policy,1,669.3446701754386,v2rl302,669.3446701754386,0.0,171,107,0.0,0.0,0.0,6.693446701754387,equivalent,1
0.5-0.8,0.5006250904758119,0.797182,171,107,v2rl308,policy,2,669.415032748538,v2rl302,669.3446701754386,0.01051215856860878,171,107,0.07036257309941024,-0.11319915144888969,0.2814449937888157,6.693446701754385,equivalent,1
0.5-0.8,0.5006250904758119,0.797182,171,107,v2rl310,policy,3,669.4296725146199,v2rl302,669.3446701754386,0.012699337571332498,171,107,0.08500233918128258,-0.17305367466619176,0.36373844082633144,6.693446701754385,equivalent,1
0.5-0.8,0.5006250904758119,0.797182,171,107,v2rl303,policy,4,669.4463403508772,v2rl302,669.3446701754386,0.01518950997427628,171,107,0.10167017543859336,-0.11973527272727313,0.375666707335664,6.693446701754385,equivalent,1
0.5-0.8,0.5006250904758119,0.797182,171,107,v2rl304,policy,5,669.7992970760234,v2rl302,669.3446701754386,0.06792119528876489,171,107,0.4546269005847891,0.13473342954856007,0.8576431828108372,6.693446701754385,equivalent,1
0.5-0.8,0.5006250904758119,0.797182,171,107,wmdd,weighted,6,670.7313064327485,v2rl302,669.3446701754386,0.2071632626799627,171,107,1.3866362573099438,0.4298684405487846,2.597832200956104,6.693446701754385,equivalent,1
0.5-0.8,0.5006250904758119,0.797182,171,107,atc,weighted,7,671.3796011695906,v2rl302,669.3446701754386,0.30401840558745497,171,107,2.0349309941520435,0.6330516881146693,3.775787197245407,6.693446701754385,equivalent,1
0.5-0.8,0.5006250904758119,0.797182,171,107,edd,duedate,8,673.2014385964912,v2rl302,669.3446701754386,0.5762006620657378,171,107,3.856768421052628,0.02821860481997559,11.485550337066767,6.693446701754385,inconclusive,0
0.5-0.8,0.5006250904758119,0.797182,171,107,pfifo,duedate,8,673.2014385964912,v2rl302,669.3446701754386,0.5762006620657378,171,107,3.856768421052628,0.02082311335073712,11.50440236130535,6.693446701754385,inconclusive,0
0.5-0.8,0.5006250904758119,0.797182,171,107,wspt,processing,10,673.2340561403508,v2rl302,669.3446701754386,0.5810737185511285,171,107,3.889385964912283,1.8107347139953538,6.470078060125734,6.693446701754385,equivalent,1
0.5-0.8,0.5006250904758119,0.797182,171,107,v2rl301,policy,11,676.3618538011697,v2rl302,669.3446701754386,1.0483662511112244,171,107,7.017183625730987,0.023864242424240893,21.693439636363628,6.693446701754385,inconclusive,0
0.5-0.8,0.5006250904758119,0.797182,171,107,v2rl305,policy,12,676.3646046783625,v2rl302,669.3446701754386,1.0487772317786481,171,107,7.019934502923969,0.04486225213674747,21.70699067073169,6.693446701754385,inconclusive,0
0.5-0.8,0.5006250904758119,0.797182,171,107,v2rl307,policy,13,676.3951192982456,v2rl302,669.3446701754386,1.053336111716408,171,107,7.0504491228070165,0.0528736434296825,21.386756158921393,6.693446701754385,inconclusive,0
0.5-0.8,0.5006250904758119,0.797182,171,107,v2rl306,policy,14,676.4013906432748,v2rl302,669.3446701754386,1.0542730497856292,171,107,7.056720467836256,0.013281871345030031,21.78971742331288,6.693446701754385,inconclusive,0
0.5-0.8,0.5006250904758119,0.797182,171,107,v2rl309,policy,15,677.4692923976608,v2rl302,669.3446701754386,1.2138174223591875,171,107,8.124622222222222,0.25857411764705723,23.60501019090579,6.693446701754385,inconclusive,0
0.5-0.8,0.5006250904758119,0.797182,171,107,random,random,16,680.5794514619884,v2rl302,669.3446701754386,1.6784747510733187,171,107,11.2347812865497,2.280305141434548,27.13135022822084,6.693446701754385,inconclusive,0
0.5-0.8,0.5006250904758119,0.797182,171,107,lpt,processing,17,681.5563941520468,v2rl302,669.3446701754386,1.8244298521727806,171,107,12.211723976608184,1.5502184857142813,29.89636178640269,6.693446701754385,inconclusive,0
0.8-1.0,0.8001137442585657,0.977193,58,52,v2rl308,policy,1,770.2583379310345,v2rl308,770.2583379310345,0.0,58,52,0.0,0.0,0.0,7.702583379310345,equivalent,1
0.8-1.0,0.8001137442585657,0.977193,58,52,v2rl310,policy,2,770.3988724137932,v2rl308,770.2583379310345,0.018245110223181996,58,52,0.14053448275862185,-0.29165055084745845,0.7276206896551763,7.702583379310344,equivalent,1
0.8-1.0,0.8001137442585657,0.977193,58,52,v2rl304,policy,3,770.4217137931034,v2rl308,770.2583379310345,0.021210528211586647,58,52,0.1633758620689644,0.0,0.5031709090909069,7.702583379310344,equivalent,1
0.8-1.0,0.8001137442585657,0.977193,58,52,edd,duedate,4,770.6431655172414,v2rl308,770.2583379310345,0.04996084654411029,58,52,0.38482758620689544,-0.005358240794853476,1.0070137777777737,7.702583379310344,equivalent,1
0.8-1.0,0.8001137442585657,0.977193,58,52,pfifo,duedate,4,770.6431655172414,v2rl308,770.2583379310345,0.04996084654411029,58,52,0.38482758620689544,-0.0054482758620655785,0.9858109090909073,7.702583379310344,equivalent,1
0.8-1.0,0.8001137442585657,0.977193,58,52,v2rl309,policy,6,771.2593344827586,v2rl308,770.2583379310345,0.12995595145557093,58,52,1.0009965517241348,0.0020175438596452934,2.2460665847457486,7.702583379310344,equivalent,1
0.8-1.0,0.8001137442585657,0.977193,58,52,v2rl302,policy,7,771.5482068965517,v2rl308,770.2583379310345,0.16745926684570944,58,52,1.289868965517238,-0.25602105263158337,4.043941818181818,7.702583379310344,equivalent,1
0.8-1.0,0.8001137442585657,0.977193,58,52,wmdd,weighted,8,771.5670620689656,v2rl308,770.2583379310345,0.1699071692552435,58,52,1.3087241379310337,0.06421379310344538,3.3084809151785524,7.702583379310344,equivalent,1
0.8-1.0,0.8001137442585657,0.977193,58,52,v2rl303,policy,9,771.5905724137931,v2rl308,770.2583379310345,0.17295943674392325,58,52,1.332234482758622,-0.20689655172413793,4.067393103448278,7.702583379310344,equivalent,1
0.8-1.0,0.8001137442585657,0.977193,58,52,v2rl305,policy,10,772.3479034482759,v2rl308,770.2583379310345,0.27128112924478903,58,52,2.089565517241375,-0.7368421052631579,7.357263157894738,7.702583379310344,equivalent,1
0.8-1.0,0.8001137442585657,0.977193,58,52,atc,weighted,11,772.3811448275862,v2rl308,770.2583379310345,0.2755967435878418,58,52,2.1228068965517064,-1.0423664350649746,5.642022881355934,7.702583379310344,equivalent,1
0.8-1.0,0.8001137442585657,0.977193,58,52,v2rl301,policy,12,772.8515206896552,v2rl308,770.2583379310345,0.33666402957561026,58,52,2.593182758620687,-0.20338910939908442,8.050903396164024,7.702583379310344,inconclusive,0
0.8-1.0,0.8001137442585657,0.977193,58,52,v2rl307,policy,13,772.9402689655172,v2rl308,770.2583379310345,0.34818591405146215,58,52,2.681931034482761,0.0,7.979200000000004,7.702583379310344,inconclusive,0
0.8-1.0,0.8001137442585657,0.977193,58,52,v2rl306,policy,14,773.1946068965517,v2rl308,770.2583379310345,0.38120573590988244,58,52,2.9362689655172405,-0.1016949152542373,8.484452090909086,7.702583379310344,inconclusive,0
0.8-1.0,0.8001137442585657,0.977193,58,52,wspt,processing,15,775.8062827586207,v2rl308,770.2583379310345,0.7202706617221903,58,52,5.547944827586186,1.0260416259398304,10.795730515872979,7.702583379310344,inconclusive,0
0.8-1.0,0.8001137442585657,0.977193,58,52,random,random,16,791.1754068965517,v2rl308,770.2583379310345,2.715591371811946,58,52,20.917068965517227,8.157363258620686,37.498883327586185,7.702583379310344,worse,0
0.8-1.0,0.8001137442585657,0.977193,58,52,lpt,processing,17,808.7062379310345,v2rl308,770.2583379310345,4.991559079162148,58,52,38.44789999999998,5.704586559523812,86.83246628968249,7.702583379310344,inconclusive,0
1.0-1.2,1.000153,1.1915020373752985,29,29,v2rl301,policy,1,427.2605793103448,v2rl301,427.2605793103448,0.0,29,29,0.0,0.0,0.0,4.272605793103448,equivalent,1
1.0-1.2,1.000153,1.1915020373752985,29,29,atc,weighted,2,430.97478620689657,v2rl301,427.2605793103448,0.8693071807717456,29,29,3.7142068965517314,-0.8275862068965517,10.504865862068929,4.272605793103448,inconclusive,0
1.0-1.2,1.000153,1.1915020373752985,29,29,v2rl307,policy,3,432.8469793103448,v2rl301,427.2605793103448,1.3074924929927343,29,29,5.5864000000000065,-1.3605931034482621,18.11979310344828,4.272605793103448,inconclusive,0
1.0-1.2,1.000153,1.1915020373752985,29,29,v2rl302,policy,4,433.10238620689654,v2rl301,427.2605793103448,1.3672702747305192,29,29,5.841806896551722,-1.5394344827586244,19.06485517241379,4.272605793103448,inconclusive,0
1.0-1.2,1.000153,1.1915020373752985,29,29,v2rl303,policy,5,433.60140689655174,v2rl301,427.2605793103448,1.4840656716896026,29,29,6.340827586206903,-1.138220689655176,20.159917241379308,4.272605793103448,inconclusive,0
1.0-1.2,1.000153,1.1915020373752985,29,29,v2rl310,policy,6,433.91594482758615,v2rl301,427.2605793103448,1.5576830251889857,29,29,6.6553655172413855,-1.0511103448275718,21.05246413793102,4.272605793103448,inconclusive,0
1.0-1.2,1.000153,1.1915020373752985,29,29,v2rl304,policy,7,434.4331862068965,v2rl301,427.2605793103448,1.6787429601226613,29,29,7.172606896551731,-1.084731034482745,22.602551724137935,4.272605793103448,inconclusive,0
1.0-1.2,1.000153,1.1915020373752985,29,29,v2rl305,policy,8,434.56046896551726,v2rl301,427.2605793103448,1.7085333889111576,29,29,7.29988965517242,-1.0262896551724163,22.925958620689673,4.272605793103448,inconclusive,0
1.0-1.2,1.000153,1.1915020373752985,29,29,v2rl308,policy,9,435.18249655172417,v2rl301,427.2605793103448,1.8541184525299326,29,29,7.921917241379317,-1.0262896551724163,24.27889655172416,4.272605793103448,inconclusive,0
1.0-1.2,1.000153,1.1915020373752985,29,29,v2rl306,policy,10,436.3261379310345,v2rl301,427.2605793103448,2.1217868110656832,29,29,9.065558620689664,-1.0262896551724163,25.27507586206898,4.272605793103448,inconclusive,0
1.0-1.2,1.000153,1.1915020373752985,29,29,edd,duedate,11,436.6915724137931,v2rl301,427.2605793103448,2.207316462162549,29,29,9.430993103448278,-0.1987034482758645,27.454220689655177,4.272605793103448,inconclusive,0
1.0-1.2,1.000153,1.1915020373752985,29,29,pfifo,duedate,11,436.6915724137931,v2rl301,427.2605793103448,2.207316462162549,29,29,9.430993103448278,-0.1987034482758645,27.55357241379311,4.272605793103448,inconclusive,0
1.0-1.2,1.000153,1.1915020373752985,29,29,wmdd,weighted,13,437.5408551724138,v2rl301,427.2605793103448,2.40609041879378,29,29,10.280275862068963,0.0,27.152786206896547,4.272605793103448,inconclusive,0
1.0-1.2,1.000153,1.1915020373752985,29,29,v2rl309,policy,14,438.5536413793103,v2rl301,427.2605793103448,2.643132227923771,29,29,11.29306206896552,0.0,31.799048275862074,4.272605793103448,inconclusive,0
1.0-1.2,1.000153,1.1915020373752985,29,29,random,random,15,442.1192,v2rl301,427.2605793103448,3.4776483975280335,29,29,14.858620689655178,2.5397655172413782,30.45497931034484,4.272605793103448,inconclusive,0
1.0-1.2,1.000153,1.1915020373752985,29,29,wspt,processing,16,443.8782068965518,v2rl301,427.2605793103448,3.889342567720628,29,29,16.617627586206893,1.5787310344827599,39.50193379310344,4.272605793103448,inconclusive,0
1.0-1.2,1.000153,1.1915020373752985,29,29,lpt,processing,17,477.8879862068965,v2rl301,427.2605793103448,11.849304463863971,29,29,50.62740689655174,4.129544827586207,127.60955862068968,4.272605793103448,inconclusive,0
>=1.2,1.2009,10.981481,107,51,v2rl302,policy,1,191.94732336448598,v2rl302,191.94732336448598,0.0,107,51,0.0,0.0,0.0,1.9194732336448599,equivalent,1
>=1.2,1.2009,10.981481,107,51,v2rl304,policy,2,191.98398878504673,v2rl302,191.94732336448598,0.019101813934195005,107,51,0.036665420560745884,-0.2077578947368422,0.33465600824175296,1.9194732336448599,equivalent,1
>=1.2,1.2009,10.981481,107,51,v2rl310,policy,3,192.01964485981307,v2rl302,191.94732336448598,0.03767778266423548,107,51,0.07232149532710093,-0.16699917776441295,0.3826681318681259,1.9194732336448599,equivalent,1
>=1.2,1.2009,10.981481,107,51,v2rl303,policy,4,192.51496448598132,v2rl302,191.94732336448598,0.2957275525105689,107,51,0.5676411214953264,0.0,1.878482474226802,1.9194732336448599,equivalent,1
>=1.2,1.2009,10.981481,107,51,wmdd,weighted,5,192.9885046728972,v2rl302,191.94732336448598,0.5424307513963751,107,51,1.0411813084112143,-0.07810041062801942,2.726283390330187,1.9194732336448599,inconclusive,0
>=1.2,1.2009,10.981481,107,51,atc,weighted,6,193.28003738317756,v2rl302,191.94732336448598,0.6943123745262675,107,51,1.332714018691587,-0.15001106194690278,3.8613853431372487,1.9194732336448599,inconclusive,0
>=1.2,1.2009,10.981481,107,51,random,random,7,195.22561308411213,v2rl302,191.94732336448598,1.7079111404961078,107,51,3.2782897196261667,0.6107664921090389,7.288689493116391,1.9194732336448599,inconclusive,0
>=1.2,1.2009,10.981481,107,51,v2rl301,policy,8,195.23198878504675,v2rl302,191.94732336448598,1.711232729368967,107,51,3.2846654205607435,0.0,10.439382178217809,1.9194732336448599,inconclusive,0
>=1.2,1.2009,10.981481,107,51,v2rl305,policy,9,195.25831028037385,v2rl302,191.94732336448598,1.7249456037481083,107,51,3.3109869158878458,0.0,10.364647058823516,1.9194732336448599,inconclusive,0
>=1.2,1.2009,10.981481,107,51,v2rl307,policy,10,195.29765607476637,v2rl302,191.94732336448598,1.7454438288355216,107,51,3.3503327102803695,-0.009259259259259522,10.427890792079191,1.9194732336448599,inconclusive,0
>=1.2,1.2009,10.981481,107,51,v2rl308,policy,11,195.36504299065422,v2rl302,191.94732336448598,1.7805508127239562,107,51,3.4177196261682194,0.0,10.651339805825227,1.9194732336448599,inconclusive,0
>=1.2,1.2009,10.981481,107,51,v2rl309,policy,12,195.3658710280374,v2rl302,191.94732336448598,1.7809822005488336,107,51,3.4185476635513963,-0.07409138110072687,10.47017257227721,1.9194732336448599,inconclusive,0
>=1.2,1.2009,10.981481,107,51,edd,duedate,13,195.7231065420561,v2rl302,191.94732336448598,1.9670934251061813,107,51,3.77578317757009,0.014628388715818525,11.093883450467274,1.9194732336448599,inconclusive,0
>=1.2,1.2009,10.981481,107,51,pfifo,duedate,13,195.7231065420561,v2rl302,191.94732336448598,1.9670934251061813,107,51,3.77578317757009,0.01817772317772318,11.173173837116144,1.9194732336448599,inconclusive,0
>=1.2,1.2009,10.981481,107,51,wspt,processing,15,195.9259887850467,v2rl302,191.94732336448598,2.072790258713689,107,51,3.9786654205607475,1.258438388888889,7.935363020733649,1.9194732336448599,inconclusive,0
>=1.2,1.2009,10.981481,107,51,v2rl306,policy,16,196.129185046729,v2rl302,191.94732336448598,2.178650688606964,107,51,4.181861682242986,0.0,11.880308372581347,1.9194732336448599,inconclusive,0
>=1.2,1.2009,10.981481,107,51,lpt,processing,17,202.2347401869159,v2rl302,191.94732336448598,5.3595000139154285,107,51,10.287416822429904,0.7047085714285746,23.680453983941298,1.9194732336448599,inconclusive,0
