regime,campus,u_target,u_realized_mean,method,mean_wwt,mean_breach_share,n
storm2,5,0.7,0.7015397643678168,atc,0.0,0.0,30
storm2,5,0.7,0.7015397643678168,edd,0.0,0.0,30
storm2,5,0.7,0.7015397643678168,lpt,22.46137333333336,0.0006343772271034532,30
storm2,5,0.7,0.7015397643678168,pfifo,0.0,0.0,30
storm2,5,0.7,0.7015397643678168,random,0.0,0.0,30
storm2,5,0.7,0.7015397643678168,rl301,0.0,0.0,30
storm2,5,0.7,0.7015397643678168,rl302,29.14630000000001,0.00067662537884533,30
storm2,5,0.7,0.7015397643678168,rl303,7.865620000000011,0.00011569047825841335,30
storm2,5,0.7,0.7226856182650871,rollcp2,0.0,0.0,8
storm2,5,0.7,0.7015397643678168,v2at301,1.006146666666667,4.392022809469e-05,30
storm2,5,0.7,0.7015397643678168,v2at302,0.0,0.0,30
storm2,5,0.7,0.7015397643678168,v2at303,0.0,0.0,30
storm2,5,0.7,0.7015397643678168,v2at304,14.510539999999999,0.0003612128519247667,30
storm2,5,0.7,0.7015397643678168,v2at305,37.35572666666668,0.00099387334698087,30
storm2,5,0.7,0.7015397643678168,v2at306,0.0,0.0,30
storm2,5,0.7,0.7015397643678168,v2at307,0.0,0.0,30
storm2,5,0.7,0.7015397643678168,v2at308,0.0,0.0,30
storm2,5,0.7,0.7015397643678168,v2at309,5.279960000000004,0.00017213699521557334,30
storm2,5,0.7,0.7015397643678168,v2at310,0.0,0.0,30
storm2,5,0.7,0.7015397643678168,v2rl301,0.0,0.0,30
storm2,5,0.7,0.7015397643678168,v2rl302,0.0,0.0,30
storm2,5,0.7,0.7015397643678168,v2rl303,0.0,0.0,30
storm2,5,0.7,0.7015397643678168,v2rl304,0.0,0.0,30
storm2,5,0.7,0.7015397643678168,v2rl305,0.0,0.0,30
storm2,5,0.7,0.7015397643678168,v2rl306,0.0,0.0,30
storm2,5,0.7,0.7015397643678168,v2rl307,0.0,0.0,30
storm2,5,0.7,0.7015397643678168,v2rl308,0.0,0.0,30
storm2,5,0.7,0.7015397643678168,v2rl309,1.2254466666666644,4.329771075509667e-05,30
storm2,5,0.7,0.7015397643678168,v2rl310,0.0,0.0,30
storm2,5,0.7,0.7015397643678168,wmdd,0.0,0.0,30
storm2,5,0.7,0.7015397643678168,wspt,1.5116066666666663,0.00010192022127215,30
storm2,5,0.9,0.9033773936781616,atc,3.265666666666665,2.230400356864e-05,30
storm2,5,0.9,0.9033773936781616,edd,0.0,0.0,30
storm2,5,0.9,0.9033773936781616,lpt,640.5868866666665,0.01030492370935317,30
storm2,5,0.9,0.9033773936781616,pfifo,0.0,0.0,30
storm2,5,0.9,0.9033773936781616,random,27.183146666666666,0.0005404218839086933,30
storm2,5,0.9,0.9033773936781616,rl301,0.0,0.0,30
storm2,5,0.9,0.9033773936781616,rl302,562.3623266666668,0.006319002317512219,30
storm2,5,0.9,0.9033773936781616,rl303,156.71081333333333,0.00189245875636621,30
storm2,5,0.9,0.9128883405172424,rollcp2,0.0,0.0,8
storm2,5,0.9,0.9033773936781616,v2at301,35.305146666666666,0.00051746547914722,30
storm2,5,0.9,0.9033773936781616,v2at302,0.0,0.0,30
storm2,5,0.9,0.9033773936781616,v2at303,0.0,0.0,30
storm2,5,0.9,0.9033773936781616,v2at304,310.8584866666667,0.003331749265680783,30
storm2,5,0.9,0.9033773936781616,v2at305,692.4420266666667,0.00909222863622314,30
storm2,5,0.9,0.9033773936781616,v2at306,15.010066666666672,0.00029254202006478666,30
storm2,5,0.9,0.9033773936781616,v2at307,0.0,0.0,30
storm2,5,0.9,0.9033773936781616,v2at308,0.3175266666666668,1.1181930001116666e-05,30
storm2,5,0.9,0.9033773936781616,v2at309,205.9201533333333,0.00245944010595879,30
storm2,5,0.9,0.9033773936781616,v2at310,0.0,0.0,30
storm2,5,0.9,0.9033773936781616,v2rl301,0.0,0.0,30
storm2,5,0.9,0.9033773936781616,v2rl302,0.0,0.0,30
storm2,5,0.9,0.9033773936781616,v2rl303,4.866926666666663,0.00012282869794697667,30
storm2,5,0.9,0.9033773936781616,v2rl304,0.0,0.0,30
storm2,5,0.9,0.9033773936781616,v2rl305,0.0,0.0,30
storm2,5,0.9,0.9033773936781616,v2rl306,0.0,0.0,30
storm2,5,0.9,0.9033773936781616,v2rl307,0.4547266666666673,3.3545790003353335e-05,30
storm2,5,0.9,0.9033773936781616,v2rl308,0.0,0.0,30
storm2,5,0.9,0.9033773936781616,v2rl309,65.21172666666668,0.0007524512507412,30
storm2,5,0.9,0.9033773936781616,v2rl310,0.0,0.0,30
storm2,5,0.9,0.9033773936781616,wmdd,0.0,0.0,30
storm2,5,0.9,0.9033773936781616,wspt,99.2632066666667,0.0014658628098492734,30
storm2,5,1.0,0.9975289299568962,atc,7.908026666666668,8.052823369706001e-05,30
storm2,5,1.0,0.9975289299568962,edd,2.3146866666666637,6.0465825753756664e-05,30
storm2,5,1.0,0.9975289299568962,lpt,2550.158880000001,0.026831908129494427,30
storm2,5,1.0,0.9975289299568962,pfifo,2.3146866666666637,6.0465825753756664e-05,30
storm2,5,1.0,0.9975289299568962,random,243.04023333333333,0.0025448888139619503,30
storm2,5,1.0,0.9975289299568962,rl301,0.6386000000000005,6.0254979151193335e-05,30
storm2,5,1.0,0.9975289299568962,rl302,1656.3325266666666,0.01076917157469655,30
storm2,5,1.0,0.9975289299568962,rl303,516.3917,0.00389401200285855,30
storm2,5,1.0,1.0027726346982757,rollcp2,0.0,0.0,8
storm2,5,1.0,0.9975289299568962,v2at301,130.37686666666667,0.0016174616441744735,30
storm2,5,1.0,0.9975289299568962,v2at302,1.2288133333333444,8.078360092900999e-05,30
storm2,5,1.0,0.9975289299568962,v2at303,3.3394000000000026,8.037346784555334e-05,30
storm2,5,1.0,0.9975289299568962,v2at304,919.62722,0.005538938710198377,30
storm2,5,1.0,0.9975289299568962,v2at305,2038.6022600000001,0.014994814072998434,30
storm2,5,1.0,0.9975289299568962,v2at306,96.11932666666671,0.0010610242607488533,30
storm2,5,1.0,0.9975289299568962,v2at307,4.324299999999996,6.102066111199333e-05,30
storm2,5,1.0,0.9975289299568962,v2at308,6.566359999999991,0.0001314661785497567,30
storm2,5,1.0,0.9975289299568962,v2at309,657.03212,0.004404394557587553,30
storm2,5,1.0,0.9975289299568962,v2at310,1.0854000000000024,3.0040357802636664e-05,30
storm2,5,1.0,0.9975289299568962,v2rl301,1.7639000000000142,8.078360092900999e-05,30
storm2,5,1.0,0.9975289299568962,v2rl302,1.5467266666666812,0.00010068336267234666,30
storm2,5,1.0,0.9975289299568962,v2rl303,68.19990000000006,0.0010049001191409733,30
storm2,5,1.0,0.9975289299568962,v2rl304,4.166366666666696,0.00025180279513153,30
storm2,5,1.0,0.9975289299568962,v2rl305,2.3337400000000192,0.00011082395873165,30
storm2,5,1.0,0.9975289299568962,v2rl306,4.571406666666714,0.00031164473281491,30
storm2,5,1.0,0.9975289299568962,v2rl307,7.069553333333368,0.00038460903511314666,30
storm2,5,1.0,0.9975289299568962,v2rl308,1.1727866666666862,0.00010115376470718001,30
storm2,5,1.0,0.9975289299568962,v2rl309,306.0969666666667,0.0020128714944428806,30
storm2,5,1.0,0.9975289299568962,v2rl310,0.7946466666666708,6.033420815101667e-05,30
storm2,5,1.0,0.9975289299568962,wmdd,4.235726666666668,4.0269925521503326e-05,30
storm2,5,1.0,0.9975289299568962,wspt,362.51375333333334,0.0034280872693630065,30
storm2,5,1.1,1.084518618534483,atc,9.892099999999983,0.00013853818835357333,30
storm2,5,1.1,1.084518618534483,edd,7.122559999999966,0.00020138465305445668,30
storm2,5,1.1,1.084518618534483,lpt,5398.135033333333,0.043867203013849033,30
storm2,5,1.1,1.084518618534483,pfifo,7.122559999999966,0.00020138465305445668,30
storm2,5,1.1,1.084518618534483,random,679.1165333333335,0.006053956479285579,30
storm2,5,1.1,1.084518618534483,rl301,7.430193333333329,0.00024678870544978334,30
storm2,5,1.1,1.084518618534483,rl302,2919.5202799999997,0.014438524606778582,30
storm2,5,1.1,1.084518618534483,rl303,748.2374733333332,0.005284417842973493,30
storm2,5,1.1,1.0724458809267245,rollcp2,24.81427499999985,0.0004820936639118375,8
storm2,5,1.1,1.084518618534483,v2at301,233.92259333333334,0.003041185321100883,30
storm2,5,1.1,1.084518618534483,v2at302,8.967299999999947,0.0002928726648990133,30
storm2,5,1.1,1.084518618534483,v2at303,38.457726666666666,0.00031941447921554335,30
storm2,5,1.1,1.084518618534483,v2at304,1619.4434133333332,0.007594101852931421,30
storm2,5,1.1,1.084518618534483,v2at305,3572.8388800000002,0.019203695473567706,30
storm2,5,1.1,1.084518618534483,v2at306,245.50782666666663,0.00225921851280713,30
storm2,5,1.1,1.084518618534483,v2at307,10.278306666666658,0.0002103997928768167,30
storm2,5,1.1,1.084518618534483,v2at308,33.554313333333276,0.0003395425997018867,30
storm2,5,1.1,1.084518618534483,v2at309,1351.771433333333,0.006808450408587534,30
storm2,5,1.1,1.084518618534483,v2at310,7.135239999999992,0.00011913184850206999,30
storm2,5,1.1,1.084518618534483,v2rl301,10.962839999999993,0.00036493627474569327,30
storm2,5,1.1,1.084518618534483,v2rl302,7.5160066666665974,0.0002926983155658133,30
storm2,5,1.1,1.084518618534483,v2rl303,105.36718666666664,0.0015944420353857169,30
storm2,5,1.1,1.084518618534483,v2rl304,10.530553333333302,0.0003221075492583833,30
storm2,5,1.1,1.084518618534483,v2rl305,10.079299999999966,0.0002655028770271133,30
storm2,5,1.1,1.084518618534483,v2rl306,42.1655733333333,0.0007607757979468532,30
storm2,5,1.1,1.084518618534483,v2rl307,65.60942666666662,0.0013691455522563266,30
storm2,5,1.1,1.084518618534483,v2rl308,7.566453333333279,0.00026556818095158335,30
storm2,5,1.1,1.084518618534483,v2rl309,476.7007599999999,0.00300481576333587,30
storm2,5,1.1,1.084518618534483,v2rl310,7.205613333333302,0.00028311906679839,30
storm2,5,1.1,1.084518618534483,wmdd,4.366706666666659,7.334877407367666e-05,30
storm2,5,1.1,1.084518618534483,wspt,802.5547933333331,0.00596479160609391,30
storm2,5,1.3,1.305757768318964,atc,96.33112666666672,0.0012019664053093567,30
storm2,5,1.3,1.305757768318964,edd,148.48055000000005,0.0025927035816671338,30
storm2,5,1.3,1.305757768318964,lpt,20176.922880000002,0.10780511607727374,30
storm2,5,1.3,1.305757768318964,pfifo,148.48055000000005,0.0025927035816671338,30
storm2,5,1.3,1.305757768318964,random,3307.6730666666667,0.020625371803401363,30
storm2,5,1.3,1.305757768318964,rl301,171.72789333333353,0.003089343132435214,30
storm2,5,1.3,1.305757768318964,rl302,6596.199899999999,0.01881692598974745,30
storm2,5,1.3,1.305757768318964,rl303,2519.5136466666663,0.01233445838216177,30
storm2,5,1.3,1.3209527424568952,rollcp2,174.61045000000053,0.0031373549411179372,8
storm2,5,1.3,1.305757768318964,v2at301,851.0016800000001,0.010171610615373401,30
storm2,5,1.3,1.305757768318964,v2at302,184.20683333333363,0.00332453353919796,30
storm2,5,1.3,1.305757768318964,v2at303,440.2667766666668,0.00226060129608496,30
storm2,5,1.3,1.305757768318964,v2at304,3764.3929466666673,0.0112830200759493,30
storm2,5,1.3,1.305757768318964,v2at305,7444.36182,0.0233943635619197,30
storm2,5,1.3,1.305757768318964,v2at306,1097.1657233333337,0.006258209056987605,30
storm2,5,1.3,1.305757768318964,v2at307,160.71452000000005,0.002041659258374693,30
storm2,5,1.3,1.305757768318964,v2at308,271.6977700000001,0.0024127837740793795,30
storm2,5,1.3,1.305757768318964,v2at309,3411.8661933333337,0.010907106959215335,30
storm2,5,1.3,1.305757768318964,v2at310,125.84465000000016,0.0014894561192043535,30
storm2,5,1.3,1.305757768318964,v2rl301,224.5028933333335,0.0035346052617731432,30
storm2,5,1.3,1.305757768318964,v2rl302,125.40414666666679,0.0027877086768293403,30
storm2,5,1.3,1.305757768318964,v2rl303,830.3465933333333,0.008279416885553528,30
storm2,5,1.3,1.305757768318964,v2rl304,120.16072666666679,0.0025988541431749865,30
storm2,5,1.3,1.305757768318964,v2rl305,179.22983333333352,0.002926397074636877,30
storm2,5,1.3,1.305757768318964,v2rl306,306.80813999999975,0.005524694192920411,30
storm2,5,1.3,1.305757768318964,v2rl307,496.0672933333334,0.008483057174912169,30
storm2,5,1.3,1.305757768318964,v2rl308,121.95397333333355,0.0028796491323216165,30
storm2,5,1.3,1.305757768318964,v2rl309,2123.543956666667,0.010120492285343447,30
storm2,5,1.3,1.305757768318964,v2rl310,159.2609933333335,0.0033006327384686603,30
storm2,5,1.3,1.305757768318964,wmdd,81.94370000000005,0.0012405200530620933,30
storm2,5,1.3,1.305757768318964,wspt,2468.480616666667,0.013188472328163524,30
storm2,9,0.7,0.6930742735690234,atc,522.6511466666668,0.005591661308590201,30
storm2,9,0.7,0.6930742735690234,edd,523.0985200000001,0.0055924928655898464,30
storm2,9,0.7,0.6930742735690234,lpt,825.6754133333333,0.008864117401162176,30
storm2,9,0.7,0.6930742735690234,pfifo,523.0985200000001,0.0055924928655898464,30
storm2,9,0.7,0.6930742735690234,random,559.4907866666667,0.006269923731826866,30
storm2,9,0.7,0.6930742735690234,rl301,522.82772,0.005656290549729174,30
storm2,9,0.7,0.6930742735690234,rl302,522.6592,0.005591661308590201,30
storm2,9,0.7,0.6930742735690234,rl303,523.2626266666668,0.005614236722950142,30
storm2,9,0.7,0.6984659027777782,rollcp2,616.8869000000001,0.006303021143820187,8
storm2,9,0.7,0.6930742735690234,v2at301,643.3205066666668,0.007617672428039199,30
storm2,9,0.7,0.6930742735690234,v2at302,523.4430533333334,0.005612731683642874,30
storm2,9,0.7,0.6930742735690234,v2at303,523.95516,0.005613152819443414,30
storm2,9,0.7,0.6930742735690234,v2at304,523.8770000000001,0.005571422490537173,30
storm2,9,0.7,0.6930742735690234,v2at305,524.7771866666667,0.005632970501695897,30
storm2,9,0.7,0.6930742735690234,v2at306,523.75984,0.005591661308590201,30
storm2,9,0.7,0.6930742735690234,v2at307,522.7681066666668,0.005591661308590201,30
storm2,9,0.7,0.6930742735690234,v2at308,523.7730533333335,0.005591661308590201,30
storm2,9,0.7,0.6930742735690234,v2at309,522.5831200000001,0.005591661308590201,30
storm2,9,0.7,0.6930742735690234,v2at310,522.3823333333333,0.005612731683642874,30
storm2,9,0.7,0.6930742735690234,v2rl301,522.6042266666667,0.0056342231944960875,30
storm2,9,0.7,0.6930742735690234,v2rl302,522.6938400000001,0.005612731683642874,30
storm2,9,0.7,0.6930742735690234,v2rl303,522.5264533333333,0.005612731683642874,30
storm2,9,0.7,0.6930742735690234,v2rl304,522.9341466666668,0.005612731683642874,30
storm2,9,0.7,0.6930742735690234,v2rl305,523.2524266666668,0.005612731683642874,30
storm2,9,0.7,0.6930742735690234,v2rl306,524.2112133333334,0.005632970501695897,30
storm2,9,0.7,0.6930742735690234,v2rl307,523.9687066666668,0.005612731683642874,30
storm2,9,0.7,0.6930742735690234,v2rl308,524.6294,0.005654714359056193,30
storm2,9,0.7,0.6930742735690234,v2rl309,524.93876,0.005613476317316204,30
storm2,9,0.7,0.6930742735690234,v2rl310,522.3297200000001,0.00561398437644306,30
storm2,9,0.7,0.6930742735690234,wmdd,523.1980933333333,0.005571422490537173,30
storm2,9,0.7,0.6930742735690234,wspt,528.3985466666668,0.005655586382803944,30
storm2,9,0.9,0.8955250075757573,atc,607.19136,0.005079989881473777,30
storm2,9,0.9,0.8955250075757573,edd,602.5627333333333,0.005030158218455874,30
storm2,9,0.9,0.8955250075757573,lpt,8673.331693333334,0.03892907243587863,30
storm2,9,0.9,0.8955250075757573,pfifo,602.5627333333333,0.005030158218455874,30
storm2,9,0.9,0.8955250075757573,random,1575.0539199999998,0.01441396272749971,30
storm2,9,0.9,0.8955250075757573,rl301,604.9039733333334,0.0050970163145679535,30
storm2,9,0.9,0.8955250075757573,rl302,603.6955999999999,0.00504783316752335,30
storm2,9,0.9,0.8955250075757573,rl303,607.56104,0.005047104498747347,30
storm2,9,0.9,0.8921120154671717,rollcp2,747.4068500000001,0.005856122021523913,8
storm2,9,0.9,0.8955250075757573,v2at301,3220.761226666666,0.033550973601308036,30
storm2,9,0.9,0.8955250075757573,v2at302,603.3889733333334,0.005063721314965357,30
storm2,9,0.9,0.8955250075757573,v2at303,609.9675333333333,0.005095736588560016,30
storm2,9,0.9,0.8955250075757573,v2at304,609.37352,0.005097712144408998,30
storm2,9,0.9,0.8955250075757573,v2at305,610.3356000000001,0.005194068081619434,30
storm2,9,0.9,0.8955250075757573,v2at306,612.16196,0.005128148426915957,30
storm2,9,0.9,0.8955250075757573,v2at307,606.1838266666667,0.00504758832249067,30
storm2,9,0.9,0.8955250075757573,v2at308,605.5683066666666,0.005095981433592697,30
storm2,9,0.9,0.8955250075757573,v2at309,606.0553333333334,0.005047258858417207,30
storm2,9,0.9,0.8955250075757573,v2at310,602.6836266666667,0.005047139030138674,30
storm2,9,0.9,0.8955250075757573,v2rl301,606.0468666666667,0.005047104498747347,30
storm2,9,0.9,0.8955250075757573,v2rl302,604.3017733333332,0.005063721314965357,30
storm2,9,0.9,0.8955250075757573,v2rl303,603.5703066666666,0.005046684412473391,30
storm2,9,0.9,0.8955250075757573,v2rl304,605.07144,0.005064569134173471,30
storm2,9,0.9,0.8955250075757573,v2rl305,604.9610799999999,0.0050807021266481575,30
storm2,9,0.9,0.8955250075757573,v2rl306,604.9139200000001,0.0050807021266481575,30
storm2,9,0.9,0.8955250075757573,v2rl307,604.4195733333333,0.005063476469932677,30
storm2,9,0.9,0.8955250075757573,v2rl308,605.1767466666666,0.005080409967747734,30
storm2,9,0.9,0.8955250075757573,v2rl309,625.9012533333333,0.005389910910281156,30
storm2,9,0.9,0.8955250075757573,v2rl310,603.9650533333333,0.005096954361330424,30
storm2,9,0.9,0.8955250075757573,wmdd,603.9979066666667,0.005014270071013867,30
storm2,9,0.9,0.8955250075757573,wspt,675.6111466666666,0.005343857996484006,30
storm2,9,1.0,0.9949752979797978,atc,719.1051199999999,0.0056671710919870034,30
storm2,9,1.0,0.9949752979797978,edd,719.4141866666665,0.0056527319974885104,30
storm2,9,1.0,0.9949752979797978,lpt,20125.813346666673,0.06456534797261806,30
storm2,9,1.0,0.9949752979797978,pfifo,719.4141866666665,0.0056527319974885104,30
storm2,9,1.0,0.9949752979797978,random,4645.907626666667,0.0300493112244705,30
storm2,9,1.0,0.9949752979797978,rl301,716.5160400000001,0.005608338013773603,30
storm2,9,1.0,0.9949752979797978,rl302,716.5415599999999,0.005696752605583256,30
storm2,9,1.0,0.9949752979797978,rl303,719.7714133333334,0.005801014380119029,30
storm2,9,1.0,0.9877742818813131,rollcp2,650.5629,0.005593828614517675,8
storm2,9,1.0,0.9949752979797978,v2at301,6748.991139999999,0.05565224083434437,30
storm2,9,1.0,0.9949752979797978,v2at302,715.8094400000002,0.0056528798830317575,30
storm2,9,1.0,0.9949752979797978,v2at303,730.5391200000001,0.00574193551157855,30
storm2,9,1.0,0.9949752979797978,v2at304,721.90576,0.0056828803749547,30
storm2,9,1.0,0.9949752979797978,v2at305,728.5999733333334,0.005888522438892924,30
storm2,9,1.0,0.9949752979797978,v2at306,731.2934,0.005812583969168969,30
storm2,9,1.0,0.9949752979797978,v2at307,712.6618799999999,0.005622100195756596,30
storm2,9,1.0,0.9949752979797978,v2at308,724.0134533333335,0.005711777959873933,30
storm2,9,1.0,0.9949752979797978,v2at309,715.5323333333334,0.005622497363388193,30
storm2,9,1.0,0.9949752979797978,v2at310,712.3350000000002,0.00557845645100696,30
storm2,9,1.0,0.9949752979797978,v2rl301,723.6394933333333,0.005668110032685739,30
storm2,9,1.0,0.9949752979797978,v2rl302,720.3826933333333,0.005727685760956229,30
storm2,9,1.0,0.9949752979797978,v2rl303,717.5007866666667,0.005638823463527326,30
storm2,9,1.0,0.9949752979797978,v2rl304,718.9276533333334,0.005653596003926166,30
storm2,9,1.0,0.9949752979797978,v2rl305,718.1779333333333,0.00568337220797508,30
storm2,9,1.0,0.9949752979797978,v2rl306,723.18188,0.005756891135675733,30
storm2,9,1.0,0.9949752979797978,v2rl307,716.7016933333335,0.005710329884040412,30
storm2,9,1.0,0.9949752979797978,v2rl308,722.0081733333334,0.005682474449845343,30
storm2,9,1.0,0.9949752979797978,v2rl309,846.2056866666667,0.008639014607295818,30
storm2,9,1.0,0.9949752979797978,v2rl310,715.9985066666668,0.00563931415629404,30
storm2,9,1.0,0.9949752979797978,wmdd,721.5978133333333,0.0056527319974885104,30
storm2,9,1.0,0.9949752979797978,wspt,854.3007000000001,0.006123678780962577,30
storm2,9,1.1,1.0976695568181813,atc,811.8741066666666,0.005540602930781067,30
storm2,9,1.1,1.0976695568181813,edd,807.1272799999999,0.0056479987202591505,30
storm2,9,1.1,1.0976695568181813,lpt,32907.91444,0.08178595413502196,30
storm2,9,1.1,1.0976695568181813,pfifo,807.1272799999999,0.0056479987202591505,30
storm2,9,1.1,1.0976695568181813,random,8423.268293333333,0.0423151017105039,30
storm2,9,1.1,1.0976695568181813,rl301,809.29572,0.005648258065495654,30
storm2,9,1.1,1.0976695568181813,rl302,815.1400933333333,0.005593734475603563,30
storm2,9,1.1,1.0976695568181813,rl303,822.9423200000001,0.005649296694619072,30
storm2,9,1.1,1.0927491477272717,rollcp2,792.1448999999999,0.005613848815091288,8
storm2,9,1.1,1.0976695568181813,v2at301,8856.273680000002,0.06603276969680222,30
storm2,9,1.1,1.0976695568181813,v2at302,815.9058933333333,0.005649418083883809,30
storm2,9,1.1,1.0976695568181813,v2at303,816.1775733333335,0.005553161017051499,30
storm2,9,1.1,1.0976695568181813,v2at304,817.7590266666667,0.005512417946229847,30
storm2,9,1.1,1.0976695568181813,v2at305,840.5755066666667,0.005864408840758857,30
storm2,9,1.1,1.0976695568181813,v2at306,818.2595466666667,0.005566894703932786,30
storm2,9,1.1,1.0976695568181813,v2at307,809.2856933333331,0.005540927211990777,30
storm2,9,1.1,1.0976695568181813,v2at308,819.05072,0.005541297837298534,30
storm2,9,1.1,1.0976695568181813,v2at309,809.6237866666668,0.005499040731797363,30
storm2,9,1.1,1.0976695568181813,v2at310,810.4386933333333,0.005566721136905029,30
storm2,9,1.1,1.0976695568181813,v2rl301,824.3960933333333,0.005648836424401256,30
storm2,9,1.1,1.0976695568181813,v2rl302,819.2843466666667,0.0055953948289561,30
storm2,9,1.1,1.0976695568181813,v2rl303,821.7706266666665,0.005594840762090673,30
storm2,9,1.1,1.0976695568181813,v2rl304,816.5265733333332,0.005554410690273492,30
storm2,9,1.1,1.0976695568181813,v2rl305,818.2586666666667,0.005608458011430926,30
storm2,9,1.1,1.0976695568181813,v2rl306,826.6131466666667,0.005635102274588882,30
storm2,9,1.1,1.0976695568181813,v2rl307,819.2146,0.005634835652713924,30
storm2,9,1.1,1.0976695568181813,v2rl308,822.3435333333331,0.005649269095235389,30
storm2,9,1.1,1.0976695568181813,v2rl309,1271.2618533333334,0.011944806524787058,30
storm2,9,1.1,1.0976695568181813,v2rl310,809.4692533333331,0.005580979076074907,30
storm2,9,1.1,1.0976695568181813,wmdd,812.5500400000001,0.005621233651815666,30
storm2,9,1.1,1.0976695568181813,wspt,1023.83348,0.0061449980053859,30
storm2,9,1.3,1.299125233164985,atc,926.2711866666666,0.005728432173772367,30
storm2,9,1.3,1.299125233164985,edd,922.5412399999999,0.005726166856749143,30
storm2,9,1.3,1.299125233164985,lpt,68130.99878666665,0.10698868847628808,30
storm2,9,1.3,1.299125233164985,pfifo,922.6653599999997,0.005726166856749143,30
storm2,9,1.3,1.299125233164985,random,23098.785133333335,0.06740687374839374,30
storm2,9,1.3,1.299125233164985,rl301,922.6273466666667,0.005828243377863849,30
storm2,9,1.3,1.299125233164985,rl302,944.3047600000001,0.005919393776360156,30
storm2,9,1.3,1.299125233164985,rl303,1102.7192,0.007704518471527866,30
storm2,9,1.3,1.3111922664141435,rollcp2,928.4501500000002,0.005498585517294387,8
storm2,9,1.3,1.299125233164985,v2at301,11941.035800000001,0.0690452632205144,30
storm2,9,1.3,1.299125233164985,v2at302,922.0410799999999,0.005851481019313096,30
storm2,9,1.3,1.299125233164985,v2at303,937.0337733333333,0.0058196442886604225,30
storm2,9,1.3,1.299125233164985,v2at304,942.6979866666666,0.005785286207985736,30
storm2,9,1.3,1.299125233164985,v2at305,959.6127466666666,0.006279036898399275,30
storm2,9,1.3,1.299125233164985,v2at306,926.85472,0.005783282509946846,30
storm2,9,1.3,1.299125233164985,v2at307,928.2741066666665,0.0057388292027625324,30
storm2,9,1.3,1.299125233164985,v2at308,932.15716,0.0058746785461928595,30
storm2,9,1.3,1.299125233164985,v2at309,933.2734799999998,0.005817591639979773,30
storm2,9,1.3,1.299125233164985,v2at310,918.5240666666666,0.00576189105547833,30
storm2,9,1.3,1.299125233164985,v2rl301,937.7625600000003,0.005886873856223478,30
storm2,9,1.3,1.299125233164985,v2rl302,943.0846399999999,0.005964246405671396,30
storm2,9,1.3,1.299125233164985,v2rl303,1216.2572933333333,0.008442741519976114,30
storm2,9,1.3,1.299125233164985,v2rl304,945.6990933333334,0.00589782443390004,30
storm2,9,1.3,1.299125233164985,v2rl305,928.8701333333333,0.005853209895146744,30
storm2,9,1.3,1.299125233164985,v2rl306,946.9975466666666,0.0059751588606316965,30
storm2,9,1.3,1.299125233164985,v2rl307,941.1856666666665,0.005919703564209563,30
storm2,9,1.3,1.299125233164985,v2rl308,941.6008666666665,0.0059429141496881365,30
storm2,9,1.3,1.299125233164985,v2rl309,2167.7479000000003,0.021784577922061846,30
storm2,9,1.3,1.299125233164985,v2rl310,924.0744666666667,0.005875101485172405,30
storm2,9,1.3,1.299125233164985,wmdd,930.11356,0.005714470950316397,30
storm2,9,1.3,1.299125233164985,wspt,1560.7299733333336,0.006732574076436193,30
storm2,10,0.7,0.6933173855519528,atc,776.4470866666668,0.0010790221893110666,30
storm2,10,0.7,0.6933173855519528,edd,776.2240333333335,0.0010689073862968535,30
storm2,10,0.7,0.6933173855519528,lpt,1225.2661933333334,0.0022701021786867273,30
storm2,10,0.7,0.6933173855519528,pfifo,776.2240333333335,0.0010689073862968535,30
storm2,10,0.7,0.6933173855519528,random,810.6962466666668,0.0012109571061898966,30
storm2,10,0.7,0.6933173855519528,rl301,776.2345133333333,0.0010689073862968535,30
storm2,10,0.7,0.6933173855519528,rl302,776.2523400000001,0.0010689073862968535,30
storm2,10,0.7,0.6933173855519528,rl303,776.2333400000001,0.0010689073862968535,30
storm2,10,0.7,0.6908448285308493,rollcp2,1044.2268000000001,0.001257037422895025,8
storm2,10,0.7,0.6933173855519528,v2at301,792.9419933333334,0.0011754343374817267,30
storm2,10,0.7,0.6933173855519528,v2at302,776.2748200000001,0.0010689073862968535,30
storm2,10,0.7,0.6933173855519528,v2at303,777.3021266666667,0.0010790221893110666,30
storm2,10,0.7,0.6933173855519528,v2at304,777.1616333333334,0.0010790221893110666,30
storm2,10,0.7,0.6933173855519528,v2at305,776.3720200000001,0.0010739647878039603,30
storm2,10,0.7,0.6933173855519528,v2at306,781.20054,0.0010892614007158568,30
storm2,10,0.7,0.6933173855519528,v2at307,776.2669533333334,0.0010689073862968535,30
storm2,10,0.7,0.6933173855519528,v2at308,776.6106066666667,0.0010790221893110666,30
storm2,10,0.7,0.6933173855519528,v2at309,776.5575133333334,0.0010790221893110666,30
storm2,10,0.7,0.6933173855519528,v2at310,776.2282200000001,0.0010689073862968535,30
storm2,10,0.7,0.6933173855519528,v2rl301,776.2683133333334,0.0010689073862968535,30
storm2,10,0.7,0.6933173855519528,v2rl302,776.3010200000001,0.0010689073862968535,30
storm2,10,0.7,0.6933173855519528,v2rl303,825.1342066666668,0.0012814190147398734,30
storm2,10,0.7,0.6933173855519528,v2rl304,776.2058066666667,0.0010689073862968535,30
storm2,10,0.7,0.6933173855519528,v2rl305,776.2417666666668,0.0010689073862968535,30
storm2,10,0.7,0.6933173855519528,v2rl306,776.2859933333334,0.0010689073862968535,30
storm2,10,0.7,0.6933173855519528,v2rl307,776.2687266666668,0.0010689073862968535,30
storm2,10,0.7,0.6933173855519528,v2rl308,776.2516733333334,0.0010689073862968535,30
storm2,10,0.7,0.6933173855519528,v2rl309,777.5420066666667,0.0010739647878039603,30
storm2,10,0.7,0.6933173855519528,v2rl310,776.3063133333333,0.0010689073862968535,30
storm2,10,0.7,0.6933173855519528,wmdd,776.2885266666667,0.0010689073862968535,30
storm2,10,0.7,0.6933173855519528,wspt,786.8090333333333,0.0011195670907802034,30
storm2,10,0.9,0.898811203192634,atc,1048.2331733333333,0.0011166986726649567,30
storm2,10,0.9,0.898811203192634,edd,1047.5216533333332,0.0011166986726649567,30
storm2,10,0.9,0.898811203192634,lpt,27493.777639999997,0.025929310778754173,30
storm2,10,0.9,0.898811203192634,pfifo,1047.5216533333332,0.0011166986726649567,30
storm2,10,0.9,0.898811203192634,random,3552.733346666666,0.0069164796143803735,30
storm2,10,0.9,0.898811203192634,rl301,1047.5573866666668,0.0011166986726649567,30
storm2,10,0.9,0.898811203192634,rl302,1066.7792266666665,0.0012710331799562337,30
storm2,10,0.9,0.898811203192634,rl303,1224.5748266666665,0.0016966881815700533,30
storm2,10,0.9,0.9037179007710971,rollcp2,1061.2636,0.0008544727866539625,8
storm2,10,0.9,0.898811203192634,v2at301,1370.4444799999997,0.00260939572006721,30
storm2,10,0.9,0.898811203192634,v2at302,1047.760626666667,0.0011166986726649567,30
storm2,10,0.9,0.898811203192634,v2at303,1048.9438666666667,0.0011245564271026535,30
storm2,10,0.9,0.898811203192634,v2at304,1072.99578,0.0012472691346499002,30
storm2,10,0.9,0.898811203192634,v2at305,1070.2798733333332,0.0013696132432729304,30
storm2,10,0.9,0.898811203192634,v2at306,1329.32962,0.0014207561205859835,30
storm2,10,0.9,0.898811203192634,v2at307,1048.2559066666668,0.00112069212340574,30
storm2,10,0.9,0.898811203192634,v2at308,1047.5125866666667,0.0011166986726649567,30
storm2,10,0.9,0.898811203192634,v2at309,1055.901886666667,0.0011682364490234703,30
storm2,10,0.9,0.898811203192634,v2at310,1047.3764133333334,0.0011166986726649567,30
storm2,10,0.9,0.898811203192634,v2rl301,1047.45148,0.0011166986726649567,30
storm2,10,0.9,0.898811203192634,v2rl302,1047.2886133333334,0.0011166986726649567,30
storm2,10,0.9,0.898811203192634,v2rl303,1331.88016,0.0021348903507891364,30
storm2,10,0.9,0.898811203192634,v2rl304,1047.1271733333333,0.0011166986726649567,30
storm2,10,0.9,0.898811203192634,v2rl305,1047.4164933333334,0.0011166986726649567,30
storm2,10,0.9,0.898811203192634,v2rl306,1047.4660533333333,0.0011166986726649567,30
storm2,10,0.9,0.898811203192634,v2rl307,1047.5272933333333,0.0011166986726649567,30
storm2,10,0.9,0.898811203192634,v2rl308,1047.3493466666666,0.0011166986726649567,30
storm2,10,0.9,0.898811203192634,v2rl309,1066.22188,0.0011839322504294634,30
storm2,10,0.9,0.898811203192634,v2rl310,1047.8087866666667,0.0011166986726649567,30
storm2,10,0.9,0.898811203192634,wmdd,1047.8321599999997,0.0011166986726649567,30
storm2,10,0.9,0.898811203192634,wspt,1162.7311133333335,0.0013298848027971303,30
storm2,10,1.0,0.9945873298160061,atc,1375.6063533333336,0.0011668869390684333,30
storm2,10,1.0,0.9945873298160061,edd,1375.9580666666668,0.0011633107848646631,30
storm2,10,1.0,0.9945873298160061,lpt,50386.20628,0.03870896846692449,30
storm2,10,1.0,0.9945873298160061,pfifo,1375.9580666666668,0.0011633107848646631,30
storm2,10,1.0,0.9945873298160061,random,8488.72737333333,0.012825381906761553,30
storm2,10,1.0,0.9945873298160061,rl301,1375.4945400000001,0.0011633107848646631,30
storm2,10,1.0,0.9945873298160061,rl302,1461.0112066666666,0.001707449433855377,30
storm2,10,1.0,0.9945873298160061,rl303,2003.7896999999991,0.0037271738151890632,30
storm2,10,1.0,1.0029557964691447,rollcp2,1501.7945,0.0012828511805885626,8
storm2,10,1.0,0.9945873298160061,v2at301,2080.2017066666663,0.0038881420685543677,30
storm2,10,1.0,0.9945873298160061,v2at302,1375.7129800000002,0.0011633107848646631,30
storm2,10,1.0,0.9945873298160061,v2at303,1376.62012,0.0011704462088879231,30
storm2,10,1.0,0.9945873298160061,v2at304,1478.7621066666666,0.0015439075714013134,30
storm2,10,1.0,0.9945873298160061,v2at305,1484.2515133333334,0.0019999423098185634,30
storm2,10,1.0,0.9945873298160061,v2at306,1762.5282066666664,0.0014561927268286702,30
storm2,10,1.0,0.9945873298160061,v2at307,1375.4101000000005,0.0011773973119496568,30
storm2,10,1.0,0.9945873298160061,v2at308,1374.6056266666667,0.0011668927033402,30
storm2,10,1.0,0.9945873298160061,v2at309,1408.3663133333332,0.0013660047020974966,30
storm2,10,1.0,0.9945873298160061,v2at310,1375.6449600000003,0.0011633107848646631,30
storm2,10,1.0,0.9945873298160061,v2rl301,1374.870046666667,0.0011633107848646631,30
storm2,10,1.0,0.9945873298160061,v2rl302,1374.6182333333336,0.0011633107848646631,30
storm2,10,1.0,0.9945873298160061,v2rl303,1806.0813799999999,0.00208712314470158,30
storm2,10,1.0,0.9945873298160061,v2rl304,1374.9067400000001,0.0011633107848646631,30
storm2,10,1.0,0.9945873298160061,v2rl305,1375.2855200000001,0.0011633107848646631,30
storm2,10,1.0,0.9945873298160061,v2rl306,1375.938746666667,0.0011633107848646631,30
storm2,10,1.0,0.9945873298160061,v2rl307,1375.0847533333335,0.0011633107848646631,30
storm2,10,1.0,0.9945873298160061,v2rl308,1374.64258,0.0011668640663200865,30
storm2,10,1.0,0.9945873298160061,v2rl309,1395.9413133333335,0.0013122372060975769,30
storm2,10,1.0,0.9945873298160061,v2rl310,1375.11808,0.0011633107848646631,30
storm2,10,1.0,0.9945873298160061,wmdd,1375.2263800000003,0.0011633107848646631,30
storm2,10,1.0,0.9945873298160061,wspt,1722.2969300000002,0.0016793249583374797,30
storm2,10,1.1,1.1026734169372125,atc,1479.7255333333335,0.0012385893311618967,30
storm2,10,1.1,1.1026734169372125,edd,1481.804413333333,0.0012450682295874667,30
storm2,10,1.1,1.1026734169372125,lpt,84053.45366666667,0.05412700698160888,30
storm2,10,1.1,1.1026734169372125,pfifo,1481.804413333333,0.0012450682295874667,30
storm2,10,1.1,1.1026734169372125,random,18131.02014666666,0.019508276700827793,30
storm2,10,1.1,1.1026734169372125,rl301,1480.7256000000002,0.001238712230136003,30
storm2,10,1.1,1.1026734169372125,rl302,1613.2209333333335,0.0018703632136150802,30
storm2,10,1.1,1.1026734169372125,rl303,4625.449059999995,0.00807418199559243,30
storm2,10,1.1,1.1140890056817998,rollcp2,2144.6353,0.00138023667410205,8
storm2,10,1.1,1.1026734169372125,v2at301,2537.04562,0.0044159803525232605,30
storm2,10,1.1,1.1026734169372125,v2at302,1480.46308,0.0012386811267724564,30
storm2,10,1.1,1.1026734169372125,v2at303,1485.81267,0.0012514544683772065,30
storm2,10,1.1,1.1026734169372125,v2at304,1653.4574433333332,0.0017567704450653333,30
storm2,10,1.1,1.1026734169372125,v2at305,1676.479466666667,0.0023700598245216535,30
storm2,10,1.1,1.1026734169372125,v2at306,2100.9521499999996,0.0016606180674150765,30
storm2,10,1.1,1.1026734169372125,v2at307,1486.9091633333335,0.00126437594268461,30
storm2,10,1.1,1.1026734169372125,v2at308,1482.5390533333332,0.0012547439671413666,30
storm2,10,1.1,1.1026734169372125,v2at309,1533.8744199999999,0.0014609228167054332,30
storm2,10,1.1,1.1026734169372125,v2at310,1479.8409066666668,0.00123855822779835,30
storm2,10,1.1,1.1026734169372125,v2rl301,1479.2761866666665,0.0012645397894314263,30
storm2,10,1.1,1.1026734169372125,v2rl302,1479.3758933333334,0.0012354262362995199,30
storm2,10,1.1,1.1026734169372125,v2rl303,2265.6665733333334,0.0026633358738115064,30
storm2,10,1.1,1.1026734169372125,v2rl304,1478.776493333333,0.0012385877625654832,30
storm2,10,1.1,1.1026734169372125,v2rl305,1479.54456,0.0012354573396630665,30
storm2,10,1.1,1.1026734169372125,v2rl306,1480.236533333333,0.0012417993935447099,30
storm2,10,1.1,1.1026734169372125,v2rl307,1478.8235199999997,0.0012322056243832566,30
storm2,10,1.1,1.1026734169372125,v2rl308,1481.6508933333337,0.0012385877625654832,30
storm2,10,1.1,1.1026734169372125,v2rl309,1555.4919533333334,0.0015552893381858566,30
storm2,10,1.1,1.1026734169372125,v2rl310,1480.5677333333335,0.0012354548039654098,30
storm2,10,1.1,1.1026734169372125,wmdd,1481.8730133333331,0.0012385689033219164,30
storm2,10,1.1,1.1026734169372125,wspt,2200.300683333334,0.00203006562373391,30
storm2,10,1.3,1.3079049637445608,atc,1760.5518866666669,0.0012086783739559898,30
storm2,10,1.3,1.3079049637445608,edd,1762.5170599999997,0.0012059599484680332,30
storm2,10,1.3,1.3079049637445608,lpt,168474.52706666666,0.08444653759392291,30
storm2,10,1.3,1.3079049637445608,pfifo,1762.5170599999997,0.0012059599484680332,30
storm2,10,1.3,1.3079049637445608,random,49608.60361999998,0.0333499607817455,30
storm2,10,1.3,1.3079049637445608,rl301,1759.6681199999996,0.0012086926368868997,30
storm2,10,1.3,1.3079049637445608,rl302,2932.7198066666665,0.0037319317804360226,30
storm2,10,1.3,1.3079049637445608,rl303,12143.193266666653,0.010248951052623436,30
storm2,10,1.3,1.3081554900567918,rollcp2,1736.9862500000002,0.0012394478715004,8
storm2,10,1.3,1.3079049637445608,v2at301,3590.383863333332,0.005808303054249491,30
storm2,10,1.3,1.3079049637445608,v2at302,1763.5163266666664,0.0012603914088021367,30
storm2,10,1.3,1.3079049637445608,v2at303,1916.8689933333333,0.0015502898484507333,30
storm2,10,1.3,1.3079049637445608,v2at304,2796.942603333334,0.002851630146293281,30
storm2,10,1.3,1.3079049637445608,v2at305,3319.842493333333,0.004831506399766772,30
storm2,10,1.3,1.3079049637445608,v2at306,2487.018106666666,0.00190079636522853,30
storm2,10,1.3,1.3079049637445608,v2at307,1783.6793733333332,0.0013619044541957703,30
storm2,10,1.3,1.3079049637445608,v2at308,1780.284546666667,0.00125232184922823,30
storm2,10,1.3,1.3079049637445608,v2at309,2416.1042333333335,0.00245771959649421,30
storm2,10,1.3,1.3079049637445608,v2at310,1762.1100733333337,0.001205887668619897,30
storm2,10,1.3,1.3079049637445608,v2rl301,1817.7887800000003,0.001741425111483233,30
storm2,10,1.3,1.3079049637445608,v2rl302,1763.9861666666663,0.0012250648453746029,30
storm2,10,1.3,1.3079049637445608,v2rl303,4774.147673333334,0.00403834813538888,30
storm2,10,1.3,1.3079049637445608,v2rl304,1759.5531466666666,0.0012031674689922801,30
storm2,10,1.3,1.3079049637445608,v2rl305,1761.0804400000002,0.001211411062374857,30
storm2,10,1.3,1.3079049637445608,v2rl306,1776.0429533333331,0.0012823340765635368,30
storm2,10,1.3,1.3079049637445608,v2rl307,1763.9930533333331,0.0012579106074652898,30
storm2,10,1.3,1.3079049637445608,v2rl308,1760.07194,0.0012059098246758131,30
storm2,10,1.3,1.3079049637445608,v2rl309,2034.4127799999999,0.0021989378303438065,30
storm2,10,1.3,1.3079049637445608,v2rl310,1759.91088,0.0012113960940576699,30
storm2,10,1.3,1.3079049637445608,wmdd,1763.7290866666665,0.0012059599484680332,30
storm2,10,1.3,1.3079049637445608,wspt,3877.273143333333,0.00336619796841393,30
storm2,12,0.7,0.6954120965501788,atc,7352.700646666666,0.03903705022567057,30
storm2,12,0.7,0.6954120965501788,edd,7346.295200000002,0.03901992154871925,30
storm2,12,0.7,0.6954120965501788,lpt,7741.946066666666,0.04184518398001364,30
storm2,12,0.7,0.6954120965501788,pfifo,7346.295200000002,0.03901992154871925,30
storm2,12,0.7,0.6954120965501788,random,7425.364733333335,0.0397931024525502,30
storm2,12,0.7,0.6954120965501788,rl301,7344.517246666667,0.03910552483020851,30
storm2,12,0.7,0.6954120965501788,rl302,7344.079366666667,0.038985758332537354,30
storm2,12,0.7,0.6954120965501788,rl303,7348.003886666667,0.03907128732760084,30
storm2,12,0.7,0.6924893229166664,rollcp2,7211.295924999999,0.03818009897692062,8
storm2,12,0.7,0.6954120965501788,v2at301,7440.873593333335,0.03970596444169537,30
storm2,12,0.7,0.6954120965501788,v2at302,7342.754906666667,0.03908891889274516,30
storm2,12,0.7,0.6954120965501788,v2at303,7354.529326666666,0.03908831501825283,30
storm2,12,0.7,0.6954120965501788,v2at304,7352.1992666666665,0.03903758230740577,30
storm2,12,0.7,0.6954120965501788,v2at305,7344.278573333333,0.039038183634674525,30
storm2,12,0.7,0.6954120965501788,v2at306,7352.301060000001,0.0390893893074015,30
storm2,12,0.7,0.6954120965501788,v2at307,7349.414786666666,0.03905420634011274,30
storm2,12,0.7,0.6954120965501788,v2at308,7353.593720000001,0.039105964962422815,30
storm2,12,0.7,0.6954120965501788,v2at309,7349.174460000001,0.039020650746528746,30
storm2,12,0.7,0.6954120965501788,v2at310,7347.70856,0.03903739101851077,30
storm2,12,0.7,0.6954120965501788,v2rl301,7345.394466666667,0.039020813429584404,30
storm2,12,0.7,0.6954120965501788,v2rl302,7343.8860533333345,0.03896882926532896,30
storm2,12,0.7,0.6954120965501788,v2rl303,7344.200966666666,0.03895136811638535,30
storm2,12,0.7,0.6954120965501788,v2rl304,7346.5089733333325,0.03908854060572369,30
storm2,12,0.7,0.6954120965501788,v2rl305,7345.117546666667,0.039038183634674525,30
storm2,12,0.7,0.6954120965501788,v2rl306,7344.3136,0.03900347940289,30
storm2,12,0.7,0.6954120965501788,v2rl307,7342.6060800000005,0.03896863903948689,30
storm2,12,0.7,0.6954120965501788,v2rl308,7343.559040000001,0.03900241667003527,30
storm2,12,0.7,0.6954120965501788,v2rl309,7354.057313333334,0.039140298119455325,30
storm2,12,0.7,0.6954120965501788,v2rl310,7343.365513333334,0.03903779659101628,30
storm2,12,0.7,0.6954120965501788,wmdd,7349.103253333333,0.03900327153206924,30
storm2,12,0.7,0.6954120965501788,wspt,7373.344953333333,0.03915741021418187,30
storm2,12,0.9,0.8956321509856628,atc,9699.54558,0.04023737745446934,30
storm2,12,0.9,0.8956321509856628,edd,9645.485126666668,0.04021305989447223,30
storm2,12,0.9,0.8956321509856628,lpt,25904.842920000003,0.07797284930855147,30
storm2,12,0.9,0.8956321509856628,pfifo,9645.485126666668,0.04021305989447223,30
storm2,12,0.9,0.8956321509856628,random,13211.659933333336,0.055589012291486425,30
storm2,12,0.9,0.8956321509856628,rl301,9614.282126666667,0.04050588615306148,30
storm2,12,0.9,0.8956321509856628,rl302,9641.17504,0.04040214437482182,30
storm2,12,0.9,0.8956321509856628,rl303,9775.324726666666,0.041475600553717004,30
storm2,12,0.9,0.8923292422715053,rollcp2,9512.575574999999,0.04245310785961777,8
storm2,12,0.9,0.8956321509856628,v2at301,11983.432959999998,0.046471665974664705,30
storm2,12,0.9,0.8956321509856628,v2at302,9614.054186666668,0.04023976804248781,30
storm2,12,0.9,0.8956321509856628,v2at303,9746.076239999999,0.0405710027609867,30
storm2,12,0.9,0.8956321509856628,v2at304,9717.844666666668,0.040503724868286684,30
storm2,12,0.9,0.8956321509856628,v2at305,9691.33366,0.04190283459684763,30
storm2,12,0.9,0.8956321509856628,v2at306,9758.50068,0.04056121803226588,30
storm2,12,0.9,0.8956321509856628,v2at307,9692.16884666667,0.04042616745541336,30
storm2,12,0.9,0.8956321509856628,v2at308,9717.950406666669,0.0409936192603642,30
storm2,12,0.9,0.8956321509856628,v2at309,9678.039066666666,0.04022662806998057,30
storm2,12,0.9,0.8956321509856628,v2at310,9657.41292,0.040331831130741166,30
storm2,12,0.9,0.8956321509856628,v2rl301,9628.91,0.04039848409205493,30
storm2,12,0.9,0.8956321509856628,v2rl302,9623.930153333333,0.04036209271877394,30
storm2,12,0.9,0.8956321509856628,v2rl303,9710.45578,0.04035610429073166,30
storm2,12,0.9,0.8956321509856628,v2rl304,9642.356613333335,0.040788918442209776,30
storm2,12,0.9,0.8956321509856628,v2rl305,9615.095759999998,0.04005193825372818,30
storm2,12,0.9,0.8956321509856628,v2rl306,9621.554633333335,0.04020101919187654,30
storm2,12,0.9,0.8956321509856628,v2rl307,9618.957873333333,0.04015780393816052,30
storm2,12,0.9,0.8956321509856628,v2rl308,9627.586766666665,0.04014696791836511,30
storm2,12,0.9,0.8956321509856628,v2rl309,9738.691253333332,0.04108311444284675,30
storm2,12,0.9,0.8956321509856628,v2rl310,9618.320126666667,0.040199708499201646,30
storm2,12,0.9,0.8956321509856628,wmdd,9693.410486666666,0.04009315167674675,30
storm2,12,0.9,0.8956321509856628,wspt,10092.000986666664,0.040923090724868535,30
storm2,12,1.0,1.0017690544354838,atc,11338.714000000002,0.04235328786683566,30
storm2,12,1.0,1.0017690544354838,edd,11256.629606666665,0.042439280492277,30
storm2,12,1.0,1.0017690544354838,lpt,51684.20397333334,0.1090873217479487,30
storm2,12,1.0,1.0017690544354838,pfifo,11256.629606666665,0.042439280492277,30
storm2,12,1.0,1.0017690544354838,random,20742.97163333333,0.0719761558944902,30
storm2,12,1.0,1.0017690544354838,rl301,11212.56082666667,0.04342379441257625,30
storm2,12,1.0,1.0017690544354838,rl302,11359.18124,0.043528799635838396,30
storm2,12,1.0,1.0017690544354838,rl303,11764.350680000001,0.04583516899009655,30
storm2,12,1.0,1.0038459459005376,rollcp2,11409.663349999999,0.043637829679765275,8
storm2,12,1.0,1.0017690544354838,v2at301,17065.365119999995,0.054627868102598835,30
storm2,12,1.0,1.0017690544354838,v2at302,11225.487239999999,0.04316828408534001,30
storm2,12,1.0,1.0017690544354838,v2at303,11444.410826666668,0.04271528032735032,30
storm2,12,1.0,1.0017690544354838,v2at304,11427.012780000001,0.04275227553418419,30
storm2,12,1.0,1.0017690544354838,v2at305,11532.003026666667,0.04618073502145407,30
storm2,12,1.0,1.0017690544354838,v2at306,11453.629313333335,0.0428998446787404,30
storm2,12,1.0,1.0017690544354838,v2at307,11324.398146666666,0.04273007057738069,30
storm2,12,1.0,1.0017690544354838,v2at308,11435.798673333335,0.04350914541196733,30
storm2,12,1.0,1.0017690544354838,v2at309,11304.58286,0.04246419091674601,30
storm2,12,1.0,1.0017690544354838,v2at310,11287.33449333333,0.04242650314131801,30
storm2,12,1.0,1.0017690544354838,v2rl301,11289.621726666668,0.044001427291171645,30
storm2,12,1.0,1.0017690544354838,v2rl302,11287.122466666671,0.04373389311885767,30
storm2,12,1.0,1.0017690544354838,v2rl303,11393.69028666667,0.04284377409634721,30
storm2,12,1.0,1.0017690544354838,v2rl304,11245.641399999999,0.04340355487054099,30
storm2,12,1.0,1.0017690544354838,v2rl305,11246.237406666665,0.04287816669990551,30
storm2,12,1.0,1.0017690544354838,v2rl306,11266.16587333333,0.04328967559322069,30
storm2,12,1.0,1.0017690544354838,v2rl307,11238.962833333333,0.04311888023233311,30
storm2,12,1.0,1.0017690544354838,v2rl308,11242.185266666667,0.04302242412807482,30
storm2,12,1.0,1.0017690544354838,v2rl309,11480.832100000001,0.044885777002216486,30
storm2,12,1.0,1.0017690544354838,v2rl310,11224.839026666667,0.04284469223784885,30
storm2,12,1.0,1.0017690544354838,wmdd,11346.507113333335,0.042100936523448776,30
storm2,12,1.0,1.0017690544354838,wspt,12207.404373333335,0.04361331498215545,30
storm2,12,1.1,1.0877472520161289,atc,12707.675033333333,0.04317054703549998,30
storm2,12,1.1,1.0877472520161289,edd,12534.217206666664,0.04391889101705437,30
storm2,12,1.1,1.0877472520161289,lpt,87240.83924666668,0.1403747617106473,30
storm2,12,1.1,1.0877472520161289,pfifo,12528.748453333334,0.04379580720816996,30
storm2,12,1.1,1.0877472520161289,random,32154.440479999997,0.09009216025108863,30
storm2,12,1.1,1.0877472520161289,rl301,12600.759113333334,0.04587510793990872,30
storm2,12,1.1,1.0877472520161289,rl302,13113.338539999997,0.04559955033480782,30
storm2,12,1.1,1.0877472520161289,rl303,14567.047113333334,0.054616811723514194,30
storm2,12,1.1,1.083280536794354,rollcp2,12057.281424999997,0.04579511255488036,8
storm2,12,1.1,1.0877472520161289,v2at301,22913.954806666665,0.06247374033176294,30
storm2,12,1.1,1.0877472520161289,v2at302,12683.54225333333,0.046458182644216965,30
storm2,12,1.1,1.0877472520161289,v2at303,12926.073366666666,0.043661095071527996,30
storm2,12,1.1,1.0877472520161289,v2at304,12985.50285,0.04436712381633504,30
storm2,12,1.1,1.0877472520161289,v2at305,14280.36989,0.05245041307854862,30
storm2,12,1.1,1.0877472520161289,v2at306,12920.710726666666,0.04427854069590153,30
storm2,12,1.1,1.0877472520161289,v2at307,12657.430929999999,0.04418280562144696,30
storm2,12,1.1,1.0877472520161289,v2at308,12868.979796666668,0.04509638787930441,30
storm2,12,1.1,1.0877472520161289,v2at309,12603.934519999999,0.04358395419594643,30
storm2,12,1.1,1.0877472520161289,v2at310,12623.416339999998,0.04386243496820671,30
storm2,12,1.1,1.0877472520161289,v2rl301,12884.327293333334,0.047915828517636934,30
storm2,12,1.1,1.0877472520161289,v2rl302,12684.047306666671,0.04652264913170098,30
storm2,12,1.1,1.0877472520161289,v2rl303,13928.219646666666,0.04814618550354661,30
storm2,12,1.1,1.0877472520161289,v2rl304,12624.396826666665,0.04564436926190559,30
storm2,12,1.1,1.0877472520161289,v2rl305,12791.754293333333,0.04617761742336127,30
storm2,12,1.1,1.0877472520161289,v2rl306,12943.428813333334,0.046595848437092365,30
storm2,12,1.1,1.0877472520161289,v2rl307,12983.964060000002,0.04630072658041996,30
storm2,12,1.1,1.0877472520161289,v2rl308,12597.042559999998,0.04535368492578772,30
storm2,12,1.1,1.0877472520161289,v2rl309,13478.12438,0.05030639930897652,30
storm2,12,1.1,1.0877472520161289,v2rl310,12676.472586666667,0.045864893257446235,30
storm2,12,1.1,1.0877472520161289,wmdd,12671.962166666668,0.042838402868468226,30
storm2,12,1.1,1.0877472520161289,wspt,14240.943049999998,0.04472975639174402,30
storm2,12,1.3,1.3081982930107516,atc,15461.596806666666,0.04389672314010491,30
storm2,12,1.3,1.3081982930107516,edd,15067.273959999997,0.04426691118371126,30
storm2,12,1.3,1.3081982930107516,lpt,200826.9120466667,0.20979845195972643,30
storm2,12,1.3,1.3081982930107516,pfifo,15063.625230000001,0.04434235969811879,30
storm2,12,1.3,1.3081982930107516,random,71241.76601666665,0.1257243681091886,30
storm2,12,1.3,1.3081982930107516,rl301,15527.580153333336,0.05135341551006355,30
storm2,12,1.3,1.3081982930107516,rl302,16860.88341,0.050167169997959005,30
storm2,12,1.3,1.3081982930107516,rl303,21679.874106666663,0.06935679865121237,30
storm2,12,1.3,1.326930993783602,rollcp2,14560.411825000001,0.0435380280705263,8
storm2,12,1.3,1.3081982930107516,v2at301,37129.97425666666,0.07922492374757528,30
storm2,12,1.3,1.3081982930107516,v2at302,15861.476953333336,0.05326609632144466,30
storm2,12,1.3,1.3081982930107516,v2at303,15876.196753333332,0.04506972105227116,30
storm2,12,1.3,1.3081982930107516,v2at304,16348.000026666668,0.04669967957695522,30
storm2,12,1.3,1.3081982930107516,v2at305,20657.57691666667,0.06488462071186153,30
storm2,12,1.3,1.3081982930107516,v2at306,16142.84542,0.046702667475896596,30
storm2,12,1.3,1.3081982930107516,v2at307,15410.085993333332,0.046746524278948286,30
storm2,12,1.3,1.3081982930107516,v2at308,15888.938813333329,0.048234853877277356,30
storm2,12,1.3,1.3081982930107516,v2at309,15289.813336666664,0.04494390216498813,30
storm2,12,1.3,1.3081982930107516,v2at310,15371.604293333334,0.045016013986418336,30
storm2,12,1.3,1.3081982930107516,v2rl301,16444.61984,0.060435802707029904,30
storm2,12,1.3,1.3081982930107516,v2rl302,15776.640359999998,0.05228318955935614,30
storm2,12,1.3,1.3081982930107516,v2rl303,20839.424766666663,0.0551962044006401,30
storm2,12,1.3,1.3081982930107516,v2rl304,15297.074553333332,0.0491513618694256,30
storm2,12,1.3,1.3081982930107516,v2rl305,15922.51158,0.05080566246683389,30
storm2,12,1.3,1.3081982930107516,v2rl306,16688.8208,0.05349885649330077,30
storm2,12,1.3,1.3081982930107516,v2rl307,16726.07302666667,0.05423825627601812,30
storm2,12,1.3,1.3081982930107516,v2rl308,15352.632126666664,0.04927639393714914,30
storm2,12,1.3,1.3081982930107516,v2rl309,20230.062240000003,0.06002708823641689,30
storm2,12,1.3,1.3081982930107516,v2rl310,15564.400659999998,0.05159732308476878,30
storm2,12,1.3,1.3081982930107516,wmdd,15391.530109999998,0.043293764176015236,30
storm2,12,1.3,1.3081982930107516,wspt,18913.626210000002,0.04772157226369643,30
