update,mean_train_return,dev_wwt_mean,entropy,value_loss,seconds
0,-3.824191,409.278138,0.356237,1.769748,1.955
1,-3.370049,409.278138,0.821763,1.222545,1.114
2,-3.578222,409.278138,0.659285,1.275260,1.050
3,-3.859366,409.278138,0.500517,1.074719,0.825
4,-2.745238,409.278138,0.494005,0.497133,1.065
5,-3.807760,409.278138,0.367309,1.512733,0.842
6,-3.226619,409.278138,0.996295,0.835608,0.920
7,-2.792777,409.278138,0.867465,1.037587,0.862
8,-3.299638,409.278138,0.591163,1.953851,1.071
9,-3.553735,409.278138,0.551239,1.001919,0.828
10,-3.342250,409.278138,0.539450,1.190212,1.086
11,-1.358625,409.278138,0.785620,0.305593,0.875
12,-1.337380,409.278138,0.559631,0.536530,1.121
13,-2.961453,409.278138,0.586615,1.023643,0.869
14,-3.371939,409.278138,0.636897,1.286760,1.096
15,-3.759368,409.278138,0.524241,1.217228,0.832
16,-4.543327,409.278138,0.550599,1.861269,1.087
17,-2.199605,409.278138,0.825422,0.912422,0.857
18,-1.442073,409.278138,0.759956,0.300539,1.137
19,-2.399277,409.278138,0.795758,0.816718,0.871
20,-1.737652,410.680213,0.515762,0.506962,1.972
21,-3.699355,410.680213,0.387900,2.062251,0.842
22,-4.292518,410.680213,0.831298,0.899114,1.132
23,-2.891604,410.680213,0.708280,0.906929,0.851
24,-2.910902,410.680213,0.690183,1.992243,1.089
25,-2.258280,410.680213,0.456312,0.910996,0.843
26,-2.791210,410.680213,0.517634,4.520288,1.096
27,-3.280137,410.680213,0.607968,0.806410,0.852
28,-1.885088,410.680213,0.584459,0.857951,1.104
29,-2.291364,410.680213,0.375516,0.935091,0.845
30,-1.644978,410.680213,0.428460,1.707649,1.082
31,-4.080067,410.680213,0.411364,1.530596,0.840
32,-3.248044,410.680213,0.637170,2.108531,1.127
33,-4.914657,410.680213,0.757492,2.188197,0.861
34,-3.916694,410.680213,0.452351,1.565540,1.059
35,-3.944625,410.680213,0.626760,1.121485,0.817
36,-1.189637,410.680213,0.691822,2.799240,1.110
37,-3.232268,410.680213,0.334998,1.467520,0.851
38,-2.197261,410.680213,0.518861,1.546838,1.114
39,-4.818830,410.680213,0.512004,1.078596,0.859
40,-1.489255,410.680213,0.542593,0.640073,1.977
41,-4.055258,410.680213,0.733318,2.398687,0.833
42,-4.930903,410.680213,0.800720,1.623686,1.130
43,-2.470531,410.680213,0.402601,1.842917,0.847
44,-3.007858,410.680213,0.890594,1.832338,1.128
45,-3.875108,410.680213,1.227756,0.956898,0.940
46,-2.638800,410.680213,0.677949,1.407725,1.112
47,-3.177146,410.680213,0.698118,1.569576,0.874
48,-3.698089,410.680213,0.426459,1.367927,1.079
49,-4.199996,410.680213,0.449198,2.098551,0.851
50,-4.794515,410.680213,0.360899,2.592673,1.069
51,-4.276921,410.680213,0.617067,1.670393,0.852
52,-0.761624,410.680213,0.575238,0.874474,1.146
53,-1.181648,410.680213,0.829101,0.772008,0.859
54,-5.992269,410.680213,0.437845,2.860583,1.066
55,-1.651078,410.680213,0.648613,1.171631,0.836
56,-2.058726,410.680213,0.645332,0.604906,1.132
57,-2.961427,410.680213,0.587321,0.569175,0.903
58,-1.487231,410.680213,0.611099,0.609031,1.199
59,-2.436408,410.680213,0.834790,1.225133,0.939
60,-2.341724,410.680213,0.626213,1.099764,2.135
61,-2.174222,410.680213,0.690403,1.270363,0.923
62,-4.801500,410.680213,0.677862,1.584983,1.230
63,-4.030310,410.680213,0.490071,1.450662,0.901
64,-3.810675,410.680213,0.616138,1.873404,1.175
65,-2.513989,410.680213,0.287903,1.084144,0.871
66,-2.520461,410.680213,0.680042,0.990032,1.212
67,-4.264084,410.680213,0.707310,2.460865,0.922
68,-4.242208,410.680213,0.799759,1.682728,1.236
69,-2.330110,410.680213,0.968927,1.159175,0.921
70,-2.726793,410.680213,0.814155,0.995960,1.229
71,-2.160818,410.680213,0.666014,0.949532,0.943
72,-2.214991,410.680213,0.544784,1.220280,1.200
73,-4.101842,410.680213,0.315143,2.303457,0.879
74,-4.145394,410.680213,0.566536,1.510285,1.262
75,-1.885021,410.680213,0.674438,1.039172,0.923
76,-2.050389,410.680213,0.544490,1.151058,0.888
77,-3.810948,410.680213,0.524113,1.295748,0.942
78,-2.788453,410.680213,0.441581,0.841534,1.192
79,-1.603033,410.680213,0.604330,1.517345,0.925
80,-3.072187,410.680213,0.523276,0.954818,2.142
81,-3.148304,410.680213,0.672863,1.137328,0.893
82,-3.613448,410.680213,0.651939,1.026138,1.145
83,-2.587414,410.680213,0.377086,1.303876,0.883
84,-4.774427,410.680213,0.389203,1.790964,1.139
85,-3.708441,410.680213,0.278898,1.624207,0.871
86,-3.030347,410.680213,0.477642,1.672775,1.163
87,-2.678378,410.680213,0.529923,1.378306,0.906
88,-2.985279,410.680213,0.558279,2.006718,1.217
89,-3.738828,410.680213,0.914580,1.290232,0.941
90,-2.715480,410.680213,0.508554,0.655448,1.115
91,-1.310283,410.680213,0.533617,0.723527,0.932
92,-2.428063,410.680213,0.468512,0.889318,1.196
93,-3.965093,410.680213,0.610915,1.460983,0.928
94,-3.632685,410.680213,0.599060,4.789936,1.176
95,-4.670577,410.680213,0.552963,1.932697,0.924
96,-2.590946,410.680213,0.445912,1.409689,1.180
97,-3.491557,410.680213,0.882112,1.128486,1.023
98,-3.502432,410.680213,0.407665,1.659328,1.158
99,-2.600811,410.680213,0.648672,0.877471,0.906
100,-1.267572,410.680213,0.487912,0.362494,2.116
101,-3.214216,410.680213,0.989861,0.809953,0.983
102,-5.075777,410.680213,0.569698,1.689229,1.194
103,-5.016614,410.680213,0.643821,1.905659,0.915
104,-2.541788,410.680213,0.254908,0.934627,1.167
105,-4.365643,410.680213,0.457657,1.904010,0.887
106,-2.537298,410.680213,0.548098,1.234501,1.170
107,-3.174505,410.680213,0.883046,1.658582,0.932
108,-2.363842,410.680213,0.840412,2.010019,1.230
109,-2.894369,410.680213,0.819319,0.735387,0.961
110,-1.273074,410.680213,0.549580,1.066397,1.192
111,-3.995301,410.680213,0.831282,1.264689,0.950
112,-3.367333,410.680213,0.934595,1.615871,1.233
113,-2.985165,410.680213,0.978211,1.074473,0.974
114,-4.171204,410.680213,0.351429,1.818011,1.172
115,-3.120623,410.680213,0.501392,1.887464,0.903
116,-2.433850,410.680213,0.654730,0.678541,1.209
117,-2.178379,410.680213,0.859057,0.713143,0.923
118,-2.838549,410.680213,0.444596,1.563383,1.180
119,-2.946967,410.680213,0.811516,0.682271,0.941
120,-4.307594,409.934388,0.387712,1.230487,2.192
121,-2.346809,409.934388,0.593594,0.845463,0.950
122,-4.205836,409.934388,0.741831,2.492412,1.198
123,-4.141579,409.934388,0.801750,2.055694,0.921
124,-3.018168,409.934388,0.682661,0.815236,1.224
125,-3.832000,409.934388,0.603903,1.588121,0.913
126,-2.249300,409.934388,0.592357,0.822336,1.190
127,-2.260009,409.934388,0.616789,1.278764,0.948
128,-3.124555,409.934388,0.382505,1.007710,1.202
129,-2.504100,409.934388,0.755442,1.122805,0.878
130,-4.975236,409.934388,0.757332,2.073900,1.246
131,-5.170373,409.934388,0.632752,2.272583,0.885
132,-2.469332,409.934388,0.929474,0.966267,1.204
133,-2.417676,409.934388,0.763289,1.066069,0.897
134,-3.129984,409.934388,0.590037,1.445909,1.202
135,-2.869542,409.934388,1.014421,1.798768,0.898
136,-2.926188,409.934388,0.714339,1.580386,0.926
137,-2.724363,409.934388,0.431537,1.728609,0.923
138,-4.037086,409.934388,0.604753,1.708926,1.298
139,-2.253208,409.934388,0.422217,1.324484,0.948
140,-3.142615,410.680213,0.817757,1.103325,2.260
141,-1.791678,410.680213,0.725920,0.895190,1.022
142,-3.646230,410.680213,1.051391,1.792190,1.334
143,-1.916806,410.680213,0.490372,1.150546,0.997
144,-2.228602,410.680213,0.277353,1.043704,1.207
145,-1.665183,410.680213,0.524013,0.236289,0.964
146,-2.127876,410.680213,0.679834,1.180280,1.333
147,-4.471190,410.680213,0.659186,1.486894,0.977
148,-2.306207,410.680213,0.832042,0.978846,1.275
149,-2.202491,410.680213,0.839651,1.693399,1.058
150,-3.023473,410.680213,0.431191,0.828153,1.244
151,-1.809256,410.680213,0.661826,0.618459,0.954
152,-4.003228,410.680213,0.600786,2.378870,1.252
153,-3.358155,410.680213,0.443122,1.871596,1.005
154,-3.014803,410.680213,0.693936,1.362128,1.338
155,-1.710627,410.680213,0.585575,1.074316,1.081
156,-2.441379,410.680213,0.689986,1.145585,1.378
157,-3.100814,410.680213,1.203395,0.878228,1.060
158,-2.991442,410.680213,0.909183,1.194460,1.300
159,-2.826763,410.680213,0.629250,1.543146,0.982
160,-2.909986,410.680213,0.545009,0.690350,2.326
161,-0.972737,410.680213,0.486178,1.367396,0.989
162,-6.182909,410.680213,0.726531,1.327546,1.234
163,-2.320935,410.680213,0.662961,1.769603,0.997
164,-4.796058,410.680213,0.479611,2.044580,1.406
165,-4.556967,410.680213,0.537747,2.837810,1.111
166,-2.865070,410.680213,0.544205,1.639304,1.480
167,-1.708367,410.680213,0.497498,1.073490,1.167
168,-1.893097,410.680213,0.641632,1.104478,1.379
169,-3.683202,410.680213,0.336147,0.881905,0.959
170,-4.451525,410.680213,0.390705,1.876412,1.391
171,-2.569421,410.680213,0.344088,1.207460,1.033
172,-3.034537,410.680213,0.596236,2.163368,1.263
173,-5.156070,410.680213,0.579503,1.837752,0.997
174,-3.815558,410.680213,0.624848,1.633095,1.331
175,-1.933846,410.680213,0.603086,0.616465,0.995
176,-2.442139,410.680213,0.432241,1.160615,1.291
177,-4.839275,410.680213,0.840325,1.350099,1.175
178,-1.219071,410.680213,0.706684,0.744456,1.436
179,-3.821077,410.680213,0.611971,1.053566,1.147
180,-2.675622,410.680213,0.566680,1.705386,2.870
181,-6.300225,410.680213,0.818166,2.720908,1.032
182,-4.345116,410.680213,0.588309,1.312086,1.272
183,-3.538630,410.680213,0.510281,1.311710,1.015
184,-1.881399,410.680213,0.244203,0.785606,1.240
185,-2.905120,410.680213,0.761322,1.223076,1.134
186,-4.415534,410.680213,0.686808,1.458850,1.433
187,-1.742237,410.680213,0.753175,0.955777,1.143
188,-3.027739,410.680213,0.526243,1.604533,1.348
189,-2.641284,410.680213,0.656128,1.469178,0.982
190,-3.263031,410.680213,0.523737,0.902030,1.233
191,-2.579100,410.680213,0.507968,2.409721,0.998
192,-5.053886,410.680213,0.652945,2.372958,1.386
193,-2.093411,410.680213,0.489941,1.027587,1.066
194,-1.022138,410.680213,0.531059,1.459158,1.239
195,-4.422394,410.680213,0.564929,1.416659,1.222
196,-2.354460,410.680213,0.763425,0.908302,1.429
197,-2.524501,410.680213,0.676082,0.978458,1.006
198,-3.675644,410.680213,0.509966,1.641749,1.259
199,-1.821750,410.680213,0.785674,0.809823,0.994
200,-4.501563,410.680213,0.469282,1.636300,2.366
201,-3.346917,410.680213,0.592347,1.350711,1.013
202,-2.587255,410.680213,0.614121,0.935173,1.316
203,-1.576602,410.680213,0.463936,0.972974,1.043
204,-3.587290,410.680213,0.535416,1.546069,1.295
205,-2.139581,410.680213,0.780658,1.045008,1.046
206,-3.788269,410.680213,0.771309,1.480687,1.349
207,-2.131064,410.680213,0.486546,0.963555,1.005
208,-3.277448,410.680213,0.374607,1.255951,1.377
209,-3.757904,410.680213,0.450735,1.664515,1.135
210,-2.035599,410.680213,0.433616,0.679703,1.442
211,-1.535804,410.680213,0.347864,1.846031,1.166
212,-2.918385,410.680213,0.811224,0.447081,1.523
213,-1.962205,410.680213,0.687591,1.056405,1.221
214,-3.952798,410.680213,0.628337,1.725824,1.504
215,-2.716206,410.680213,0.851286,0.843517,1.216
216,-3.250579,410.680213,0.766354,1.636648,1.418
217,-4.497832,410.680213,0.578319,1.203581,1.030
218,-1.103291,410.680213,0.591776,0.255308,1.351
219,-0.982334,410.680213,0.595853,0.343027,1.198
220,-2.362629,410.680213,0.476380,1.486964,2.641
221,-3.951325,410.680213,0.661030,1.179139,1.070
222,-4.193326,410.680213,0.633566,2.856489,1.313
223,-3.477188,410.680213,0.438240,1.432802,1.036
224,-3.415562,410.680213,0.651073,2.547467,1.306
225,-2.189503,410.680213,0.360983,2.190540,1.010
226,-5.629191,410.680213,0.681609,2.685541,1.410
227,-3.181214,410.680213,0.964620,1.780680,1.234
228,-2.166857,410.680213,0.798270,0.763048,1.425
229,-1.671551,410.680213,0.790352,0.598496,1.193
230,-2.859535,410.680213,0.923271,1.007808,1.349
231,-4.187620,410.680213,0.665919,1.648568,1.140
232,-3.203491,410.680213,0.757837,1.999806,1.506
233,-5.624953,410.680213,0.468601,1.447561,1.130
234,-1.709546,410.680213,0.511976,1.389820,1.443
235,-2.548155,410.680213,0.462612,1.391071,1.107
236,-4.252669,410.680213,0.755069,4.680289,1.448
237,-3.456542,410.680213,0.363402,2.220402,1.096
238,-3.153828,410.680213,0.477938,1.790775,1.475
239,-3.912625,410.680213,0.373571,1.245703,1.109
240,-3.593264,410.680213,0.438452,2.034437,3.127
241,-1.585423,410.680213,0.393363,0.862350,1.088
242,-2.162062,410.680213,0.576956,0.802668,1.467
243,-2.242775,410.680213,0.820797,0.708938,1.408
244,-2.431686,410.680213,0.820659,1.072602,1.584
245,-3.617296,410.680213,0.598779,1.008937,1.211
246,-2.572606,410.680213,0.498051,1.097524,1.477
247,-2.860077,410.680213,0.703263,0.805482,1.071
248,-3.675760,410.680213,0.558543,1.139232,1.307
249,-1.622441,410.680213,0.848963,0.827881,1.116
250,-1.306040,410.680213,0.619745,0.630172,1.478
251,-2.256049,410.680213,0.635551,1.080904,1.134
252,-2.631014,410.680213,0.518949,0.766408,1.441
253,-1.492143,410.680213,0.529208,0.523210,1.179
254,-2.182513,410.680213,0.347871,0.629435,1.446
255,-2.525056,410.680213,0.313630,1.218439,1.076
256,-2.530885,410.680213,0.485209,0.827968,1.440
257,-2.803403,410.680213,0.573648,1.400477,1.091
258,-2.147586,410.680213,0.703317,0.575050,1.466
259,-2.625086,410.680213,0.622643,1.450126,1.220
260,-3.558095,410.680213,0.637699,1.393248,3.146
261,-2.686089,410.680213,0.401982,1.245870,1.053
262,-4.484447,410.680213,0.473775,2.077860,1.451
263,-3.262436,410.680213,0.605371,1.872388,1.212
264,-2.487223,410.680213,0.333164,1.351406,1.335
265,-3.107022,410.680213,0.749079,1.855980,1.155
266,-2.838716,410.680213,0.757551,0.937912,1.270
267,-1.765694,410.680213,0.762066,1.001136,1.007
268,-2.382582,410.680213,0.671953,1.713839,1.270
269,-3.821658,410.680213,0.349124,1.460667,0.974
270,-4.148404,410.680213,0.615684,2.130416,1.274
271,-2.610891,410.680213,0.409754,1.330282,1.044
272,-3.032788,410.680213,0.514522,1.793763,1.250
273,-3.024656,410.680213,0.684820,1.390417,1.012
274,-0.848874,410.680213,0.606739,0.840228,1.324
275,-3.623177,410.680213,0.534119,1.055305,0.962
276,-1.926193,410.680213,0.626399,1.579272,1.288
277,-3.966119,410.680213,0.485696,2.496722,1.007
278,-3.514635,410.680213,0.508363,2.000695,1.328
279,-5.510090,410.680213,0.650585,1.094420,1.102
280,-1.978241,410.680213,0.542246,0.827697,2.388
281,-6.166041,410.680213,0.345298,3.051795,1.056
282,-4.307900,410.680213,0.389629,1.305606,1.337
283,-1.310484,410.680213,0.680216,0.459111,1.076
284,-2.164456,410.680213,0.489214,0.867707,1.302
285,-2.389296,410.680213,0.495027,1.350324,1.061
286,-2.462251,410.680213,0.876005,0.424717,1.342
287,-1.538483,410.680213,0.731637,0.503136,1.032
288,-2.052366,410.680213,0.861584,0.636107,1.380
289,-1.875056,410.680213,0.793078,0.368829,1.154
290,-3.706070,410.680213,0.390954,1.661371,1.416
291,-3.560037,410.680213,0.520227,1.045502,1.138
292,-2.774735,410.680213,0.537134,1.038956,1.428
293,-2.318394,410.680213,0.550269,1.128460,1.177
294,-3.367672,410.680213,0.275208,1.513163,1.399
295,-2.196034,410.680213,0.954164,0.534120,1.236
296,-2.889645,410.680213,0.611535,1.048742,1.446
297,-2.694680,410.680213,0.562222,1.066532,1.165
298,-3.162086,410.680213,0.304415,1.477297,1.403
299,-3.991696,410.680213,0.338388,1.265918,1.228
300,-2.049057,410.680213,0.491736,0.524088,3.047
301,-3.136875,410.680213,0.342883,1.509117,1.213
302,-2.767928,410.680213,0.446385,1.506347,1.487
303,-2.708628,410.680213,0.763457,1.518596,1.281
304,-2.259341,410.680213,0.839853,0.969449,1.524
305,-2.824372,410.680213,0.713308,0.725229,1.228
306,-4.513193,410.680213,0.342745,2.191858,1.398
307,-2.065462,410.680213,0.461981,1.560366,1.166
308,-2.660522,410.680213,0.606130,1.306077,1.481
309,-2.527778,410.680213,0.599942,0.929097,1.252
310,-3.073374,410.680213,0.277339,1.270102,1.387
311,-1.339201,410.680213,0.600016,0.690541,1.152
312,-2.385537,410.680213,0.418599,1.112419,1.538
313,-3.188688,410.680213,0.650992,1.131966,1.204
314,-2.108134,410.680213,0.788980,0.760126,1.444
315,-2.404984,410.680213,0.467365,0.549634,1.183
316,-2.435503,410.680213,0.663087,0.541418,1.466
317,-2.730030,410.680213,0.664592,0.891266,1.209
318,-2.531842,410.680213,0.785975,1.346367,1.456
319,-3.727191,410.680213,0.882460,1.387448,1.240
320,-3.339129,410.680213,0.441177,1.394394,3.025
321,-2.076364,410.680213,0.809298,0.745176,1.180
322,-3.225813,410.680213,0.670931,1.340557,1.432
323,-2.254001,410.680213,0.666636,0.698760,1.018
324,-2.300022,410.680213,0.819250,1.068343,1.401
325,-2.219787,410.680213,0.871914,0.455925,1.252
326,-2.087006,410.680213,0.859389,0.799766,1.603
327,-1.163874,410.680213,0.702721,1.331280,1.175
328,-4.166148,410.680213,0.710070,1.222729,1.481
329,-2.490581,410.680213,0.336853,0.786436,1.250
330,-4.112586,410.680213,0.622832,2.332948,1.498
331,-3.144069,410.680213,0.839104,2.190735,1.241
332,-2.780609,410.680213,0.481962,1.496846,1.309
333,-3.481674,410.680213,0.503640,1.388246,0.988
334,-1.701990,410.680213,0.658408,1.110484,1.360
335,-2.866190,410.680213,0.614193,0.892250,1.348
336,-4.693328,410.680213,0.638157,1.595732,1.340
337,-2.560053,410.680213,0.664818,1.048846,1.094
338,-2.766021,410.680213,0.832053,1.027391,1.528
339,-2.920264,410.680213,0.863285,0.691157,1.276
340,-4.460628,410.680213,0.415736,2.036521,3.027
341,-1.953813,410.680213,0.481882,1.357254,1.192
342,-3.214564,410.680213,0.465809,1.329990,1.455
343,-1.913276,410.680213,0.617135,1.460569,1.275
344,-4.795627,410.680213,0.581959,2.041114,1.513
345,-5.019194,410.680213,0.625794,4.858633,1.392
346,-2.024604,410.680213,0.634571,1.091152,1.385
347,-2.693085,410.680213,0.617390,1.611279,1.010
348,-4.215634,410.680213,0.866393,2.253508,1.322
349,-1.226960,410.680213,0.599593,0.391240,1.087
350,-2.997441,410.680213,0.592254,1.116450,1.260
351,-1.481864,410.680213,0.506105,0.562578,1.067
352,-1.364139,410.680213,0.528478,0.611438,1.321
353,-3.361590,410.680213,0.423407,0.875575,1.109
354,-2.854235,410.680213,0.536912,0.941372,1.426
355,-1.026419,410.680213,0.663231,0.747095,1.214
356,-3.059679,410.680213,0.514230,1.214420,1.457
357,-5.068744,410.680213,0.471630,2.164902,1.200
358,-2.346385,410.680213,0.293031,1.128234,1.466
359,-1.735285,410.680213,0.756418,1.450880,1.213
360,-2.828962,410.680213,0.295039,1.287750,3.105
361,-1.817316,410.680213,0.692798,0.873812,1.384
362,-1.102287,410.680213,0.836136,0.865585,1.481
363,-2.335487,410.680213,0.614747,1.312080,1.172
364,-1.527853,410.680213,1.030106,0.649482,1.578
365,-2.539511,410.680213,0.734128,0.885524,1.151
366,-3.256140,410.680213,0.276163,1.440279,1.398
367,-3.287579,410.680213,0.846092,1.308341,1.251
368,-2.921679,410.680213,0.739815,1.167815,1.497
369,-2.194681,410.680213,0.774712,0.818997,1.208
370,-2.524974,410.680213,0.615828,1.196875,1.471
371,-1.350188,410.680213,0.527383,0.819774,1.115
372,-1.278984,410.680213,1.023915,0.643012,1.505
373,-3.464254,410.680213,0.640799,1.238958,1.168
374,-2.048695,410.680213,0.745305,0.806733,1.413
375,-2.709788,410.680213,0.506893,1.709861,1.136
376,-2.511147,410.680213,0.468911,0.838541,1.511
377,-3.147271,410.680213,0.599499,0.760817,1.231
378,-2.744912,410.680213,0.569617,0.872742,1.546
379,-3.773490,410.680213,0.568581,1.736421,1.254
380,-3.316394,410.680213,0.795273,1.664846,3.176
381,-3.277157,410.680213,0.768610,1.067917,1.232
382,-2.101581,410.680213,0.688025,1.501113,1.497
383,-2.646694,410.680213,0.702310,0.980297,1.259
384,-2.486161,410.680213,0.250359,0.987306,1.437
385,-4.381188,410.680213,0.575828,1.691687,1.280
386,-2.141234,410.680213,0.710596,0.735270,1.489
387,-3.288014,410.680213,0.682355,2.274869,1.277
388,-3.541353,410.680213,0.441057,1.641761,1.449
389,-2.598906,410.680213,0.708384,1.750473,1.182
390,-2.512569,410.680213,0.592125,0.925490,1.454
391,-2.802192,410.680213,0.426144,1.380428,1.118
392,-2.012413,410.680213,0.526318,1.898168,1.475
393,-3.347402,410.680213,0.763616,1.168029,1.288
394,-1.942140,410.680213,0.918373,0.973351,1.499
395,-2.794683,410.680213,0.470838,0.845493,1.148
396,-3.795354,410.680213,0.683495,1.803125,1.482
397,-2.444358,410.680213,0.673348,1.551909,1.231
398,-4.033227,410.680213,0.342899,1.200922,1.430
399,-2.582108,410.680213,0.734147,0.674895,1.150
400,-1.217082,410.680213,0.739963,0.471061,2.360
401,-2.270994,410.680213,0.681983,0.909765,1.095
402,-1.573026,410.680213,0.687933,0.773549,1.271
403,-1.988362,410.680213,0.677945,0.547431,1.024
404,-2.016192,410.680213,0.573929,0.425843,1.280
405,-2.394968,410.680213,0.434473,1.053898,1.037
406,-2.285391,410.680213,0.765800,1.448435,1.339
407,-2.725856,410.680213,0.557051,1.046961,0.990
408,-1.859564,410.680213,0.640102,0.574715,1.286
409,-4.693518,410.680213,0.587731,1.950763,1.072
410,-3.642925,410.680213,0.572019,1.710010,1.271
411,-3.124114,410.680213,0.606726,1.200204,1.161
412,-3.459189,410.680213,0.471677,0.731650,1.443
413,-3.304914,410.680213,0.445781,1.461825,1.076
414,-2.905740,410.680213,0.523588,1.248473,1.390
415,-3.014901,410.680213,0.416104,1.284571,1.067
416,-1.540302,410.680213,0.469977,0.863377,1.238
417,-2.948516,410.680213,0.603695,0.978124,0.978
418,-2.972450,410.680213,0.836707,1.858679,1.293
419,-6.466465,410.680213,0.573131,3.951375,0.940
420,-2.764140,410.086463,0.708859,1.077045,2.302
421,-2.674406,410.086463,0.891733,1.666776,0.984
422,-3.268070,410.086463,0.684467,1.540906,1.226
423,-1.679378,410.086463,0.633949,0.973539,1.008
424,-3.282533,410.086463,0.904571,1.515064,1.315
425,-3.263136,410.086463,0.442495,1.703685,0.927
426,-1.587070,410.086463,0.357198,0.829596,1.199
427,-2.352834,410.086463,0.754297,1.015821,1.019
428,-2.842185,410.086463,0.636157,1.144668,1.215
429,-2.187938,410.086463,0.720372,1.612873,1.004
430,-3.281304,410.086463,0.614851,0.930472,1.096
431,-3.649048,410.086463,0.711861,1.740560,1.037
432,-4.054738,410.086463,0.608101,1.679187,1.181
433,-2.782936,410.086463,0.519913,1.407920,0.954
434,-5.261733,410.086463,0.622118,2.693976,1.209
435,-2.432667,410.086463,0.660082,1.621260,1.037
436,-3.527492,410.086463,0.492493,1.822588,1.161
437,-2.842959,410.086463,0.487351,0.920422,0.916
438,-0.655211,410.086463,0.610782,1.432906,1.181
439,-3.494461,410.086463,0.545117,0.768330,0.950
440,-1.399027,410.711463,0.683826,1.182926,2.225
441,-4.914260,410.711463,0.465920,3.129865,0.938
442,-1.420245,410.711463,0.325394,1.299735,1.142
443,-4.142559,410.711463,0.596942,1.193179,1.010
444,-3.980763,410.711463,0.424656,1.950196,1.147
445,-1.892389,410.711463,0.691175,1.272876,0.982
446,-4.662770,410.711463,0.772338,1.628773,1.186
447,-5.474927,410.711463,0.572650,2.841007,0.935
448,-2.564974,410.711463,0.691747,1.522503,1.174
449,-2.119611,410.711463,0.568325,1.088197,0.949
450,-5.514676,410.711463,0.672429,2.841700,1.179
451,-3.182449,410.711463,0.646386,1.438696,0.965
452,-1.691045,410.711463,0.643891,1.095687,1.182
453,-3.312460,410.711463,0.539770,1.164221,0.973
454,-1.895240,410.711463,0.377310,0.949436,1.159
455,-2.644094,410.711463,0.435551,1.462764,0.971
456,-2.141749,410.711463,0.494691,1.246093,1.164
457,-2.522007,410.711463,0.741138,1.016824,0.963
458,-4.685128,410.711463,0.530297,2.098115,1.002
459,-5.395803,410.711463,0.395077,2.220162,0.924
460,-4.816006,410.086463,0.617079,2.341325,2.206
461,-2.172318,410.086463,0.754675,1.143777,1.086
462,-4.439986,410.086463,0.551147,1.824087,1.187
463,-1.124325,410.086463,0.802132,1.584341,1.022
464,-2.983694,410.086463,0.732369,0.723347,1.222
465,-2.741834,410.086463,0.594450,1.111517,1.155
466,-4.264040,410.086463,0.477836,4.830413,1.374
467,-2.609671,410.086463,0.742259,1.864770,1.201
468,-5.217698,410.086463,0.573500,2.722974,1.375
469,-2.160883,410.086463,0.830302,1.786779,1.275
470,-2.413807,410.086463,0.785269,1.438463,1.579
471,-3.104018,410.086463,0.318316,1.080740,1.200
472,-0.778431,410.086463,0.618486,0.609485,1.296
473,-3.759839,410.086463,0.617093,1.304824,1.177
474,-2.772314,410.086463,0.680983,1.058815,1.739
475,-3.802592,410.086463,0.675012,1.180018,1.130
476,-2.783071,410.086463,0.495757,0.785152,1.417
477,-4.230075,410.086463,0.598558,1.510404,1.191
478,-2.506960,410.086463,0.588468,1.004678,1.388
479,-1.867029,410.086463,0.422237,0.776334,1.181
480,-3.991314,410.680213,0.465482,2.632936,3.230
481,-5.385837,410.680213,0.589070,1.142998,1.045
482,-3.322206,410.680213,0.380853,1.330239,1.248
483,-1.708929,410.680213,0.455865,1.376943,1.044
484,-4.431606,410.680213,0.769402,2.123554,1.329
485,-2.052966,410.680213,0.816048,1.368857,1.080
486,-4.463536,410.680213,0.554815,1.783284,1.374
487,-4.261751,410.680213,0.544256,1.953625,1.229
488,-3.000673,410.680213,0.704647,0.719028,1.417
489,-1.131088,410.680213,0.379347,0.714803,1.322
490,-3.422521,410.680213,0.459328,1.674795,1.440
491,-3.108588,410.680213,0.612541,1.129489,1.133
492,-1.725108,410.680213,0.716478,1.425185,1.481
493,-3.405231,410.680213,0.673646,2.079165,1.220
494,-4.297212,410.680213,0.467502,1.766082,1.645
495,-3.009355,410.680213,0.351895,1.038323,1.081
496,-1.566163,410.680213,0.449788,1.057936,1.235
497,-2.700137,410.680213,0.397182,1.567129,0.969
498,-2.971110,410.680213,0.501723,0.980448,1.338
499,-2.965953,410.680213,0.616629,4.699402,1.180
500,-3.092169,409.528138,0.795489,0.880001,3.025
501,-3.281576,409.528138,0.916112,0.904956,1.259
502,-2.519394,409.528138,0.648223,1.437236,1.470
503,-2.514014,409.528138,0.831705,1.037939,1.255
504,-1.797823,409.528138,0.543622,0.839198,1.424
505,-3.433236,409.528138,0.318789,1.020341,1.027
506,-1.934367,409.528138,0.557019,0.799839,1.360
507,-3.394680,409.528138,0.598160,1.482110,1.000
508,-3.723744,409.528138,1.008017,1.244547,1.380
509,-3.132055,409.528138,0.772457,2.475770,1.024
510,-4.411888,409.528138,1.061261,0.947380,1.492
511,-2.640543,409.528138,0.570176,2.785422,1.014
512,-3.501435,409.528138,0.640547,1.395773,1.370
513,-1.878120,409.528138,0.641029,1.018906,1.006
514,-1.376100,409.528138,0.679101,0.344555,1.331
515,-0.651184,409.528138,0.842138,0.421313,1.095
516,-2.288434,409.528138,0.332341,0.956293,1.325
517,-4.028802,409.528138,0.765305,0.998875,1.039
518,-2.539494,409.528138,0.818395,0.992038,1.331
519,-2.120668,409.528138,0.794805,1.975133,1.073
520,-4.924301,410.680213,0.489669,2.976930,2.184
521,-4.753313,410.680213,0.820405,1.613380,1.077
522,-3.196348,410.680213,0.554914,1.804726,1.395
523,-4.853953,410.680213,0.755578,2.050344,1.127
524,-4.673075,410.680213,0.652364,3.210003,1.561
525,-2.491015,410.680213,0.605983,1.345721,1.179
526,-2.020862,410.680213,0.325519,1.434987,1.507
527,-1.872454,410.680213,0.441819,1.055589,1.203
528,-4.390393,410.680213,0.398078,2.216167,1.474
529,-2.122092,410.680213,0.615682,0.839598,1.134
530,-3.050920,410.680213,0.748438,1.318782,1.474
531,-4.365054,410.680213,0.622335,1.647121,0.999
532,-2.366184,410.680213,0.826150,1.312996,1.356
533,-2.783068,410.680213,0.913631,1.308148,1.042
534,-3.996423,410.680213,0.597311,3.330293,1.322
535,-4.797985,410.680213,0.638286,1.939655,1.059
536,-3.880450,410.680213,0.800721,1.619670,1.358
537,-1.823893,410.680213,0.698431,0.662972,1.135
538,-1.215641,410.680213,0.791320,1.010252,1.381
539,-5.246184,410.680213,0.702903,2.501323,1.059
540,-3.237431,410.711463,0.668864,1.638086,2.418
541,-3.860528,410.711463,0.547022,1.785406,1.049
542,-2.403467,410.711463,0.449486,2.284604,1.550
543,-5.162264,410.711463,0.345327,2.269940,1.131
544,-3.794203,410.711463,0.590070,1.287609,1.595
545,-3.357616,410.711463,0.689756,1.568509,1.195
546,-3.118998,410.711463,0.605525,1.292345,1.529
547,-2.038954,410.711463,0.503274,1.686094,1.132
548,-2.988107,410.711463,0.419244,0.829960,1.501
549,-1.464665,410.711463,0.559941,0.770134,1.067
550,-3.629147,410.711463,0.648759,1.487758,1.354
551,-1.784933,410.711463,0.304444,1.292891,1.050
552,-4.028141,410.711463,0.372429,1.833250,1.299
553,-4.333545,410.711463,0.287738,1.433678,0.986
554,-2.402731,410.711463,0.610260,0.954427,1.341
555,-1.306537,410.711463,0.387500,1.004210,0.974
556,-3.374469,410.711463,0.450345,0.767367,1.302
557,-3.321300,410.711463,0.651978,1.606035,1.001
558,-2.876797,410.711463,1.017095,0.855210,1.375
559,-2.383607,410.711463,0.255802,0.501178,1.025
560,-2.953161,409.528138,0.601931,0.476565,2.369
561,-3.155358,409.528138,1.008033,0.827527,1.077
562,-2.351430,409.528138,0.712598,1.142684,1.377
563,-5.315227,409.528138,0.986388,2.169992,1.064
564,-2.866603,409.528138,0.610555,0.915691,1.324
565,-2.457732,409.528138,0.720424,1.528095,0.994
566,-2.701561,409.528138,0.570364,0.938941,1.311
567,-3.012794,409.528138,0.599099,1.079996,1.002
568,-2.377094,409.528138,0.797547,0.965378,1.359
569,-1.801929,409.528138,0.794349,1.201712,1.054
570,-3.517507,409.528138,0.900040,2.187816,1.422
571,-3.360009,409.528138,0.647707,1.394377,1.019
572,-3.776822,409.528138,0.826505,1.762836,1.375
573,-2.325430,409.528138,0.832964,0.863887,1.039
574,-1.730175,409.528138,0.672601,0.856417,1.339
575,-3.103531,409.528138,0.599747,1.682214,1.012
576,-4.360878,409.528138,0.551726,1.797826,1.413
577,-4.801732,409.528138,0.513264,2.611698,1.140
578,-2.130608,409.528138,0.984104,1.731671,1.493
579,-4.414831,409.528138,0.803538,5.033261,1.079
580,-3.699855,409.903138,0.409392,2.452960,2.305
581,-4.829114,409.903138,0.732559,2.331299,1.024
582,-3.894145,409.903138,0.643401,2.454077,1.324
583,-2.321130,409.903138,0.653118,1.613100,1.029
584,-2.753835,409.903138,0.689193,1.557143,1.352
585,-3.864326,409.903138,0.651517,2.163661,1.112
586,-2.409932,409.903138,0.479475,1.753439,1.537
587,-3.819437,409.903138,0.611488,1.820379,1.284
588,-2.903596,409.903138,0.610082,1.043522,1.529
589,-3.413063,409.903138,1.092462,2.249994,1.283
590,-3.268740,409.903138,0.704129,1.796264,1.591
591,-3.231174,409.903138,0.380947,1.559807,1.069
592,-2.101716,409.903138,0.568348,0.862130,1.325
593,-2.221292,409.903138,0.775542,0.769011,1.018
594,-3.723461,409.903138,0.597964,1.329212,1.358
595,-2.274969,409.903138,0.527628,1.158100,0.997
596,-3.988404,409.903138,0.445756,1.417416,1.279
597,-1.503292,409.903138,0.710300,1.024312,1.038
598,-3.739029,409.903138,0.758928,1.178022,1.390
599,-3.353479,409.653138,0.677515,1.604780,2.097
