scope_type,scope,method,n_rows,coverage,mean,best_method,mean_best,n_configs,n_clusters,mean_diff,ci_lo,ci_hi,margin,wilcoxon_p,verdict,in_equivalence_set,regime,crew_multiplier,u_bin
overall,ALL,atc,887,1.0,1436.440227395716,rollcp2,510.40927375,160,64,3.454106249999994,-0.41680922690132705,8.481284055145771,5.1040927375,0.031600493046739175,inconclusive,0,,,
overall,ALL,edd,887,1.0,1428.096066854566,rollcp2,510.40927375,160,64,5.536109999999998,-1.4141899963704971,16.21909450148258,5.1040927375,0.0004931852089917846,inconclusive,0,,,
overall,ALL,lpt,887,1.0,14898.353685907554,rollcp2,510.40927375,160,64,77.37830749999999,12.903173121143114,174.0433490567019,5.1040927375,0.3091930587220266,worse,0,,,
overall,ALL,pfifo,887,1.0,1428.029585005637,rollcp2,510.40927375,160,64,5.536109999999998,-1.312759712425833,16.0722458,5.1040927375,0.0004931852089917846,inconclusive,0,,,
overall,ALL,random,887,1.0,4790.174193686583,rollcp2,510.40927375,160,64,22.595372499999996,3.965348721770548,52.41982632894735,5.1040927375,0.03533190128694864,inconclusive,0,,,
overall,ALL,rollcp2,160,0.18038331454340473,510.40927375,rollcp2,510.40927375,160,64,0.0,0.0,0.0,5.1040927375,1.0,equivalent,1,,,
overall,ALL,v2rl301,887,1.0,1462.6223954904171,rollcp2,510.40927375,160,64,35.54818749999999,0.8485086105889708,90.16329651898734,5.1040927375,0.0004246245851411137,inconclusive,0,,,
overall,ALL,v2rl302,887,1.0,1443.636154002255,rollcp2,510.40927375,160,64,6.742589999999995,0.2062391506024016,19.543935578730885,5.1040927375,3.5189219111851186e-05,inconclusive,0,,,
overall,ALL,v2rl303,887,1.0,1662.1289125140925,rollcp2,510.40927375,160,64,42.258366249999995,0.11534996794871245,110.90843367521364,5.1040927375,3.921054602918868e-05,inconclusive,0,,,
overall,ALL,v2rl304,887,1.0,1428.3167341600904,rollcp2,510.40927375,160,64,18.85070375,0.41863332094495215,52.56916425324676,5.1040927375,0.014754151861587494,inconclusive,0,,,
overall,ALL,v2rl305,887,1.0,1440.476807666291,rollcp2,510.40927375,160,64,29.792206249999982,0.20840070945945247,81.16831586163833,5.1040927375,0.000571935748673238,inconclusive,0,,,
overall,ALL,v2rl306,887,1.0,1457.729516121759,rollcp2,510.40927375,160,64,37.18092499999998,0.9983118141233693,94.39354964546777,5.1040927375,0.000837898106360905,inconclusive,0,,,
overall,ALL,v2rl307,887,1.0,1451.1049799323562,rollcp2,510.40927375,160,64,32.97810875,0.9788634262048233,85.57928491666665,5.1040927375,0.0022427967203365083,inconclusive,0,,,
overall,ALL,v2rl308,887,1.0,1429.436159188275,rollcp2,510.40927375,160,64,22.010017499999996,-0.08647694078949847,66.95221457236842,5.1040927375,0.0004408746815402888,inconclusive,0,,,
overall,ALL,v2rl309,887,1.0,1629.2521087936868,rollcp2,510.40927375,160,64,16.861721249999995,-0.6972699350416407,50.339317458227825,5.1040927375,0.0016853876303378208,inconclusive,0,,,
overall,ALL,v2rl310,887,1.0,1425.73302367531,rollcp2,510.40927375,160,64,7.367624999999995,-0.11359831250001501,19.178545503246774,5.1040927375,0.0005214433926920009,inconclusive,0,,,
overall,ALL,wmdd,887,1.0,1434.3142735062006,rollcp2,510.40927375,160,64,1.5255299999999998,-1.1134675120192254,4.2751423225780005,5.1040927375,0.005401636006228212,equivalent,1,,,
overall,ALL,wspt,887,1.0,1678.3710122886134,rollcp2,510.40927375,160,64,8.235673749999998,2.755376536144567,15.365222884210514,5.1040927375,0.00019597139510836364,inconclusive,0,,,
scope,regime=final-empirical|crew_multiplier=0.6,atc,180,1.0,456.44054111111114,v2rl302,450.2457377777778,180,180,6.194803333333338,2.499926500000001,10.41301788888889,4.502457377777778,6.944066746215754e-05,inconclusive,0,final-empirical,0.6,
scope,regime=final-empirical|crew_multiplier=0.6,edd,180,1.0,451.7136088888889,v2rl302,450.2457377777778,180,180,1.4678711111111056,0.013912888888888473,3.0998179722221972,4.502457377777778,0.0012433854792003867,equivalent,1,final-empirical,0.6,
scope,regime=final-empirical|crew_multiplier=0.6,lpt,180,1.0,536.7492233333334,v2rl302,450.2457377777778,180,180,86.50348555555553,19.91380447222222,194.25688197222212,4.502457377777778,2.5630832507250074e-06,worse,0,final-empirical,0.6,
scope,regime=final-empirical|crew_multiplier=0.6,pfifo,180,1.0,451.7136088888889,v2rl302,450.2457377777778,180,180,1.4678711111111056,0.011046277777771736,3.0735294166666525,4.502457377777778,0.0012433854792003867,equivalent,1,final-empirical,0.6,
scope,regime=final-empirical|crew_multiplier=0.6,random,180,1.0,479.3151577777778,v2rl302,450.2457377777778,180,180,29.06941999999999,8.680446305555552,63.62206424999998,4.502457377777778,1.7735464536943495e-08,worse,0,final-empirical,0.6,
scope,regime=final-empirical|crew_multiplier=0.6,rollcp2,48,0.26666666666666666,510.0464625,v2rl302,450.2457377777778,48,48,-0.9198249999999941,-4.205237604166649,1.1106527083333253,5.109662875,0.002962714954319994,equivalent,1,final-empirical,0.6,
scope,regime=final-empirical|crew_multiplier=0.6,v2rl301,180,1.0,451.6493433333334,v2rl302,450.2457377777778,180,180,1.403605555555548,-0.04539238888887817,3.6406999722222064,4.502457377777778,0.08428387967828298,equivalent,1,final-empirical,0.6,
scope,regime=final-empirical|crew_multiplier=0.6,v2rl302,180,1.0,450.2457377777778,v2rl302,450.2457377777778,180,180,0.0,0.0,0.0,4.502457377777778,1.0,equivalent,1,final-empirical,0.6,
scope,regime=final-empirical|crew_multiplier=0.6,v2rl303,180,1.0,450.3482633333333,v2rl302,450.2457377777778,180,180,0.10252555555555129,-0.7829317222222303,1.073264555555556,4.502457377777778,0.7988593499960496,equivalent,1,final-empirical,0.6,
scope,regime=final-empirical|crew_multiplier=0.6,v2rl304,180,1.0,450.5671966666667,v2rl302,450.2457377777778,180,180,0.32145888888889357,-1.2420743611110974,1.7913031388888996,4.502457377777778,0.08538899791882958,equivalent,1,final-empirical,0.6,
scope,regime=final-empirical|crew_multiplier=0.6,v2rl305,180,1.0,450.53495888888887,v2rl302,450.2457377777778,180,180,0.28922111111110416,-0.8827892222222289,1.478628916666657,4.502457377777778,0.08686008151624075,equivalent,1,final-empirical,0.6,
scope,regime=final-empirical|crew_multiplier=0.6,v2rl306,180,1.0,453.91020555555554,v2rl302,450.2457377777778,180,180,3.664467777777769,0.5939680000000009,7.83724333333329,4.502457377777778,0.009632975772588674,inconclusive,0,final-empirical,0.6,
scope,regime=final-empirical|crew_multiplier=0.6,v2rl307,180,1.0,451.1339088888889,v2rl302,450.2457377777778,180,180,0.888171111111103,-0.13632152777777348,2.3183514722221896,4.502457377777778,0.1094211588192293,equivalent,1,final-empirical,0.6,
scope,regime=final-empirical|crew_multiplier=0.6,v2rl308,180,1.0,450.97508555555555,v2rl302,450.2457377777778,180,180,0.7293477777777636,-0.5201193055555657,1.9423476388888772,4.502457377777778,0.11192770811902444,equivalent,1,final-empirical,0.6,
scope,regime=final-empirical|crew_multiplier=0.6,v2rl309,180,1.0,453.44436777777776,v2rl302,450.2457377777778,180,180,3.1986300000000014,0.8699123333333354,5.8710990277777775,4.502457377777778,0.0002849939018541178,inconclusive,0,final-empirical,0.6,
scope,regime=final-empirical|crew_multiplier=0.6,v2rl310,180,1.0,450.37308222222225,v2rl302,450.2457377777778,180,180,0.12734444444444687,-0.9496764166666682,0.9873278888888999,4.502457377777778,0.362567698455978,equivalent,1,final-empirical,0.6,
scope,regime=final-empirical|crew_multiplier=0.6,wmdd,180,1.0,455.0836822222222,v2rl302,450.2457377777778,180,180,4.837944444444435,2.195575749999984,7.764014444444427,4.502457377777778,3.458491896137269e-05,inconclusive,0,final-empirical,0.6,
scope,regime=final-empirical|crew_multiplier=0.6,wspt,180,1.0,463.7768022222222,v2rl302,450.2457377777778,180,180,13.531064444444443,7.189979611111108,21.17669380555556,4.502457377777778,3.652753011967144e-09,worse,0,final-empirical,0.6,
scope,regime=final-empirical|crew_multiplier=0.8,atc,180,1.0,448.1663633333333,v2rl301,446.2874366666666,180,180,1.8789266666666578,0.6209012777777767,3.457037888888886,4.462874366666666,0.004455352355471741,equivalent,1,final-empirical,0.8,
scope,regime=final-empirical|crew_multiplier=0.8,edd,180,1.0,446.6359855555556,v2rl301,446.2874366666666,180,180,0.348548888888889,-0.18739702777777556,0.9333510555555523,4.462874366666666,0.12404279309009482,equivalent,1,final-empirical,0.8,
scope,regime=final-empirical|crew_multiplier=0.8,lpt,180,1.0,455.33090555555555,v2rl301,446.2874366666666,180,180,9.043468888888889,1.2178329444444493,21.06802383333332,4.462874366666666,0.0023294396798343325,inconclusive,0,final-empirical,0.8,
scope,regime=final-empirical|crew_multiplier=0.8,pfifo,180,1.0,446.6359855555556,v2rl301,446.2874366666666,180,180,0.348548888888889,-0.18619288888888952,0.9279253333333307,4.462874366666666,0.12404279309009482,equivalent,1,final-empirical,0.8,
scope,regime=final-empirical|crew_multiplier=0.8,random,180,1.0,450.5859366666667,v2rl301,446.2874366666666,180,180,4.2985,1.5587097222222244,7.827720944444443,4.462874366666666,3.1348887968329175e-05,inconclusive,0,final-empirical,0.8,
scope,regime=final-empirical|crew_multiplier=0.8,rollcp2,48,0.26666666666666666,506.0364666666667,v2rl301,446.2874366666666,48,48,-0.2164624999999957,-0.5887721874999798,0.06194458333333278,5.062529291666666,0.028524000718169275,equivalent,1,final-empirical,0.8,
scope,regime=final-empirical|crew_multiplier=0.8,v2rl301,180,1.0,446.2874366666666,v2rl301,446.2874366666666,180,180,0.0,0.0,0.0,4.462874366666666,1.0,equivalent,1,final-empirical,0.8,
scope,regime=final-empirical|crew_multiplier=0.8,v2rl302,180,1.0,446.32465444444443,v2rl301,446.2874366666666,180,180,0.03721777777777915,-0.0966663333333315,0.23780888888888968,4.462874366666666,0.7150006546880893,equivalent,1,final-empirical,0.8,
scope,regime=final-empirical|crew_multiplier=0.8,v2rl303,180,1.0,446.31832333333335,v2rl301,446.2874366666666,180,180,0.030886666666665025,-0.1674033333333363,0.27160594444444147,4.462874366666666,0.8657723749926214,equivalent,1,final-empirical,0.8,
scope,regime=final-empirical|crew_multiplier=0.8,v2rl304,180,1.0,446.63493,v2rl301,446.2874366666666,180,180,0.34749333333333127,0.05124805555555526,0.7528024444444403,4.462874366666666,0.08583095844428565,equivalent,1,final-empirical,0.8,
scope,regime=final-empirical|crew_multiplier=0.8,v2rl305,180,1.0,446.3163366666667,v2rl301,446.2874366666666,180,180,0.028900000000001255,-0.060079999999998614,0.16326000000000124,4.462874366666666,0.5001842570707944,equivalent,1,final-empirical,0.8,
scope,regime=final-empirical|crew_multiplier=0.8,v2rl306,180,1.0,446.7369966666667,v2rl301,446.2874366666666,180,180,0.4495600000000018,-0.058782222222218176,1.4248133333333348,4.462874366666666,1.0,equivalent,1,final-empirical,0.8,
scope,regime=final-empirical|crew_multiplier=0.8,v2rl307,180,1.0,446.29960777777785,v2rl301,446.2874366666666,180,180,0.012171111111112668,-0.07301511111110967,0.11576022222222744,4.462874366666666,0.916511907863894,equivalent,1,final-empirical,0.8,
scope,regime=final-empirical|crew_multiplier=0.8,v2rl308,180,1.0,446.4653388888889,v2rl301,446.2874366666666,180,180,0.1779022222222213,-0.03468888888888968,0.4775928888888868,4.462874366666666,0.2626182904425206,equivalent,1,final-empirical,0.8,
scope,regime=final-empirical|crew_multiplier=0.8,v2rl309,180,1.0,447.14385666666664,v2rl301,446.2874366666666,180,180,0.8564200000000006,0.24045783333333293,1.630107111111108,4.462874366666666,0.009344113002204883,equivalent,1,final-empirical,0.8,
scope,regime=final-empirical|crew_multiplier=0.8,v2rl310,180,1.0,446.37114777777776,v2rl301,446.2874366666666,180,180,0.08371111111111047,-0.024924444444444464,0.21868711111111305,4.462874366666666,0.28418977486767805,equivalent,1,final-empirical,0.8,
scope,regime=final-empirical|crew_multiplier=0.8,wmdd,180,1.0,447.54666888888886,v2rl301,446.2874366666666,180,180,1.2592322222222245,0.33487844444444503,2.3495519166666674,4.462874366666666,0.01306396083306817,equivalent,1,final-empirical,0.8,
scope,regime=final-empirical|crew_multiplier=0.8,wspt,180,1.0,450.36247000000003,v2rl301,446.2874366666666,180,180,4.075033333333324,2.2256399444444437,6.243638388888869,4.462874366666666,5.685594033194775e-07,inconclusive,0,final-empirical,0.8,
scope,regime=final-empirical|crew_multiplier=1.0,atc,227,1.0,457.70226696035246,wmdd,454.9875286343613,227,227,2.7147383259911897,0.8683937885462547,5.091926960352426,4.549875286343612,0.001176563999937216,inconclusive,0,final-empirical,1.0,
scope,regime=final-empirical|crew_multiplier=1.0,edd,227,1.0,461.5920872246696,wmdd,454.9875286343613,227,227,6.604558590308373,-1.5697514977973541,18.409816894273128,4.549875286343612,0.40804420568711997,inconclusive,0,final-empirical,1.0,
scope,regime=final-empirical|crew_multiplier=1.0,lpt,227,1.0,559.7954599118942,wmdd,454.9875286343613,227,227,104.80793127753302,38.5665799339207,188.4962069823788,4.549875286343612,0.0041623806255435035,worse,0,final-empirical,1.0,
scope,regime=final-empirical|crew_multiplier=1.0,pfifo,227,1.0,461.5920872246696,wmdd,454.9875286343613,227,227,6.604558590308373,-1.6495557929515388,18.313804933920697,4.549875286343612,0.40804420568711997,inconclusive,0,final-empirical,1.0,
scope,regime=final-empirical|crew_multiplier=1.0,random,227,1.0,487.14997533039644,wmdd,454.9875286343613,227,227,32.16244669603524,12.92246162995594,56.7313422907489,4.549875286343612,5.269830701389687e-05,worse,0,final-empirical,1.0,
scope,regime=final-empirical|crew_multiplier=1.0,rollcp2,64,0.28193832599118945,513.9609875,wmdd,454.9875286343613,64,64,-0.24325624999999285,-4.8734291406249906,5.143004531250034,5.1420424375,0.008639480104638733,inconclusive,0,final-empirical,1.0,
scope,regime=final-empirical|crew_multiplier=1.0,v2rl301,227,1.0,501.9378185022026,wmdd,454.9875286343613,227,227,46.95028986784142,12.137906079295158,91.61988969162995,4.549875286343612,0.18081236677854295,worse,0,final-empirical,1.0,
scope,regime=final-empirical|crew_multiplier=1.0,v2rl302,227,1.0,469.61575859030836,wmdd,454.9875286343613,227,227,14.628229955947136,3.379414317180617,29.838937863436126,4.549875286343612,0.16977498788033196,inconclusive,0,final-empirical,1.0,
scope,regime=final-empirical|crew_multiplier=1.0,v2rl303,227,1.0,525.916131277533,wmdd,454.9875286343613,227,227,70.92860264317181,25.8422054185022,129.78062374449343,4.549875286343612,0.02730632132788956,worse,0,final-empirical,1.0,
scope,regime=final-empirical|crew_multiplier=1.0,v2rl304,227,1.0,471.7228537444934,wmdd,454.9875286343613,227,227,16.735325110132155,1.0455762334801821,40.854688083700445,4.549875286343612,0.5502919421280152,inconclusive,0,final-empirical,1.0,
scope,regime=final-empirical|crew_multiplier=1.0,v2rl305,227,1.0,492.1600792951542,wmdd,454.9875286343613,227,227,37.17255066079295,9.843808039647572,73.8262744713656,4.549875286343612,0.06355166456894228,worse,0,final-empirical,1.0,
scope,regime=final-empirical|crew_multiplier=1.0,v2rl306,227,1.0,502.93699735682816,wmdd,454.9875286343613,227,227,47.94946872246696,14.377187643171796,91.14798638766514,4.549875286343612,0.06803474489437815,worse,0,final-empirical,1.0,
scope,regime=final-empirical|crew_multiplier=1.0,v2rl307,227,1.0,494.45946872246697,wmdd,454.9875286343613,227,227,39.471940088105725,9.864966035242286,79.3163468942731,4.549875286343612,0.1789561131984324,worse,0,final-empirical,1.0,
scope,regime=final-empirical|crew_multiplier=1.0,v2rl308,227,1.0,475.1610449339208,wmdd,454.9875286343613,227,227,20.17351629955947,0.37253017621145273,53.49781127753304,4.549875286343612,0.8076239898901056,inconclusive,0,final-empirical,1.0,
scope,regime=final-empirical|crew_multiplier=1.0,v2rl309,227,1.0,472.2694854625551,wmdd,454.9875286343613,227,227,17.281956828193827,2.798741211453742,40.8164757048458,4.549875286343612,0.09296312671248624,inconclusive,0,final-empirical,1.0,
scope,regime=final-empirical|crew_multiplier=1.0,v2rl310,227,1.0,462.4837118942732,wmdd,454.9875286343613,227,227,7.496183259911897,-0.22394321585903434,17.632660088105734,4.549875286343612,0.7676577617530682,inconclusive,0,final-empirical,1.0,
scope,regime=final-empirical|crew_multiplier=1.0,wmdd,227,1.0,454.9875286343613,wmdd,454.9875286343613,227,227,0.0,0.0,0.0,4.549875286343613,1.0,equivalent,1,final-empirical,1.0,
scope,regime=final-empirical|crew_multiplier=1.0,wspt,227,1.0,461.6134149779736,wmdd,454.9875286343613,227,227,6.625886343612334,3.1004677092510957,11.000077290748893,4.549875286343612,1.2358039144140826e-07,inconclusive,0,final-empirical,1.0,
scope,regime=final-gen|crew_multiplier=1.0,atc,300,1.0,3357.982747666667,v2rl310,3327.4247600000003,300,300,30.557987666666715,15.887877808333476,45.70867110000023,33.2742476,1.8712216348809548e-10,inconclusive,0,final-gen,1.0,
scope,regime=final-gen|crew_multiplier=1.0,edd,300,1.0,3334.122935,v2rl310,3327.4247600000003,300,300,6.698174999999851,-6.86438404166672,19.657862241666553,33.2742476,0.0006136850593176752,equivalent,1,final-gen,1.0,
scope,regime=final-gen|crew_multiplier=1.0,lpt,300,1.0,43030.63908933334,v2rl310,3327.4247600000003,300,300,39703.214329333336,33899.49963965,45727.711746583336,33.2742476,5.588040871311064e-49,worse,0,final-gen,1.0,
scope,regime=final-gen|crew_multiplier=1.0,pfifo,300,1.0,3333.9263703333336,v2rl310,3327.4247600000003,300,300,6.501610333333144,-6.728978150000251,19.51625244999973,33.2742476,0.0006357724736103192,equivalent,1,final-gen,1.0,
scope,regime=final-gen|crew_multiplier=1.0,random,300,1.0,13236.397561333331,v2rl310,3327.4247600000003,300,300,9908.972801333332,8247.607171099997,11694.517753099995,33.2742476,1.1325598492617364e-45,worse,0,final-gen,1.0,
scope,regime=final-gen|crew_multiplier=1.0,v2rl301,300,1.0,3405.925198666667,v2rl310,3327.4247600000003,300,300,78.50043866666677,38.90807154999993,126.60056285000029,33.2742476,9.483859260813102e-10,worse,0,final-gen,1.0,
scope,regime=final-gen|crew_multiplier=1.0,v2rl302,300,1.0,3375.0660693333334,v2rl310,3327.4247600000003,300,300,47.641309333333325,21.079562716666583,80.96347339999971,33.2742476,9.846289951738677e-06,inconclusive,0,final-gen,1.0,
scope,regime=final-gen|crew_multiplier=1.0,v2rl303,300,1.0,3978.4179933333335,v2rl310,3327.4247600000003,300,300,650.9932333333333,483.3076481833332,837.282271283333,33.2742476,8.840200397044086e-34,worse,0,final-gen,1.0,
scope,regime=final-gen|crew_multiplier=1.0,v2rl304,300,1.0,3327.798242,v2rl310,3327.4247600000003,300,300,0.3734820000000432,-10.84113201666672,9.779580999999911,33.2742476,6.954316017624112e-05,equivalent,1,final-gen,1.0,
scope,regime=final-gen|crew_multiplier=1.0,v2rl305,300,1.0,3348.4978573333333,v2rl310,3327.4247600000003,300,300,21.073097333333127,5.1654429999999225,40.89655946666637,33.2742476,0.1175021504724866,inconclusive,0,final-gen,1.0,
scope,regime=final-gen|crew_multiplier=1.0,v2rl306,300,1.0,3389.076286666667,v2rl310,3327.4247600000003,300,300,61.65152666666666,27.431982216666604,101.89950749999974,33.2742476,9.528757769060986e-10,inconclusive,0,final-gen,1.0,
scope,regime=final-gen|crew_multiplier=1.0,v2rl307,300,1.0,3377.832616,v2rl310,3327.4247600000003,300,300,50.40785600000004,24.19367668333334,83.21542686666687,33.2742476,9.925193862716618e-08,inconclusive,0,final-gen,1.0,
scope,regime=final-gen|crew_multiplier=1.0,v2rl308,300,1.0,3328.3634653333334,v2rl310,3327.4247600000003,300,300,0.9387053333334383,-6.783957316666471,7.940085900000325,33.2742476,6.054019876734336e-05,equivalent,1,final-gen,1.0,
scope,regime=final-gen|crew_multiplier=1.0,v2rl309,300,1.0,3919.4518896666664,v2rl310,3327.4247600000003,300,300,592.0271296666667,442.06021088333324,758.1429185750003,33.2742476,1.2443196061019236e-36,worse,0,final-gen,1.0,
scope,regime=final-gen|crew_multiplier=1.0,v2rl310,300,1.0,3327.4247600000003,v2rl310,3327.4247600000003,300,300,0.0,0.0,0.0,33.2742476,1.0,equivalent,1,final-gen,1.0,
scope,regime=final-gen|crew_multiplier=1.0,wmdd,300,1.0,3354.9370946666663,v2rl310,3327.4247600000003,300,300,27.512334666666405,12.968985349999693,41.916591233333044,33.2742476,7.101474159148261e-08,inconclusive,0,final-gen,1.0,
scope,regime=final-gen|crew_multiplier=1.0,wspt,300,1.0,4064.612579,v2rl310,3327.4247600000003,300,300,737.187819,618.4799754833333,861.3556706583332,33.2742476,1.5405315312352948e-46,worse,0,final-gen,1.0,
u_bin,u_bin=0.5-0.8,atc,223,1.0,1086.939262780269,rollcp2,789.3171877551022,49,31,3.9725469387754995,0.12580148129423732,10.91747131543922,7.89317187755102,0.35996260633774335,inconclusive,0,,,0.5-0.8
u_bin,u_bin=0.5-0.8,edd,223,1.0,1085.0854233183857,rollcp2,789.3171877551022,49,31,0.453595918367338,-0.04506194782609589,1.0750330196078448,7.89317187755102,0.013179630792288639,equivalent,1,,,0.5-0.8
u_bin,u_bin=0.5-0.8,lpt,223,1.0,1183.6906385650225,rollcp2,789.3171877551022,49,31,36.37926530612246,0.3916456513243371,100.88930734693884,7.89317187755102,0.5697665738062406,inconclusive,0,,,0.5-0.8
u_bin,u_bin=0.5-0.8,pfifo,223,1.0,1085.0854233183857,rollcp2,789.3171877551022,49,31,0.453595918367338,-0.047940198209731597,1.0874259545454308,7.89317187755102,0.013179630792288639,equivalent,1,,,0.5-0.8
u_bin,u_bin=0.5-0.8,random,223,1.0,1101.8016376681614,rollcp2,789.3171877551022,49,31,11.268179591836724,1.4833467346938618,29.366380502717373,7.89317187755102,0.037911606233696785,inconclusive,0,,,0.5-0.8
u_bin,u_bin=0.5-0.8,rollcp2,49,0.21973094170403587,789.3171877551022,rollcp2,789.3171877551022,49,31,0.0,0.0,0.0,7.893171877551022,1.0,equivalent,1,,,0.5-0.8
u_bin,u_bin=0.5-0.8,v2rl301,223,1.0,1084.4455058295964,rollcp2,789.3171877551022,49,31,-0.30597551020409103,-1.246841929347832,0.4070934755101745,7.89317187755102,0.010430157537218576,equivalent,1,,,0.5-0.8
u_bin,u_bin=0.5-0.8,v2rl302,223,1.0,1084.5284475336323,rollcp2,789.3171877551022,49,31,-0.2924408163265362,-0.8879434920634969,0.12636250231266327,7.89317187755102,0.0018289978515826975,equivalent,1,,,0.5-0.8
u_bin,u_bin=0.5-0.8,v2rl303,223,1.0,1084.7997632286995,rollcp2,789.3171877551022,49,31,-1.2051755102040929,-3.621294428769689,0.05428933423910474,7.89317187755102,0.0018289978515826975,equivalent,1,,,0.5-0.8
u_bin,u_bin=0.5-0.8,v2rl304,223,1.0,1084.9928358744394,rollcp2,789.3171877551022,49,31,1.1155346938775508,-0.13389414893617863,3.0480168222222264,7.89317187755102,0.15278469551668128,equivalent,1,,,0.5-0.8
u_bin,u_bin=0.5-0.8,v2rl305,223,1.0,1084.466405381166,rollcp2,789.3171877551022,49,31,-0.5023183673469512,-1.9389904705882661,0.4173067443203246,7.89317187755102,0.03679125414364294,equivalent,1,,,0.5-0.8
u_bin,u_bin=0.5-0.8,v2rl306,223,1.0,1084.4686977578476,rollcp2,789.3171877551022,49,31,-0.43345306122449906,-1.3342770454545576,0.12769347576531298,7.89317187755102,0.001960788137846085,equivalent,1,,,0.5-0.8
u_bin,u_bin=0.5-0.8,v2rl307,223,1.0,1084.5366188340806,rollcp2,789.3171877551022,49,31,0.1884408163265255,-0.21018150000001562,0.6010434124386261,7.89317187755102,0.01317720831862536,equivalent,1,,,0.5-0.8
u_bin,u_bin=0.5-0.8,v2rl308,223,1.0,1084.5641695067263,rollcp2,789.3171877551022,49,31,-0.2604081632653156,-1.3196334000000205,0.6023157989578674,7.89317187755102,0.009258011526994538,equivalent,1,,,0.5-0.8
u_bin,u_bin=0.5-0.8,v2rl309,223,1.0,1085.5681255605382,rollcp2,789.3171877551022,49,31,1.7466285714285679,-0.17991491071427534,5.367546900000009,7.89317187755102,0.05188726062365605,equivalent,1,,,0.5-0.8
u_bin,u_bin=0.5-0.8,v2rl310,223,1.0,1084.459531838565,rollcp2,789.3171877551022,49,31,-0.40760816326530724,-1.9074859541666738,0.6259221428571289,7.89317187755102,0.038686988083117275,equivalent,1,,,0.5-0.8
u_bin,u_bin=0.5-0.8,wmdd,223,1.0,1086.5399264573991,rollcp2,789.3171877551022,49,31,2.6479632653061205,-0.03954159090909442,7.3995548191489355,7.89317187755102,0.05705707996461743,equivalent,1,,,0.5-0.8
u_bin,u_bin=0.5-0.8,wspt,223,1.0,1091.7592475336323,rollcp2,789.3171877551022,49,31,9.036432653061215,1.9558426595744725,21.377549619148937,7.89317187755102,0.00981843545065096,inconclusive,0,,,0.5-0.8
u_bin,u_bin=0.8-1.0,atc,166,1.0,2024.128773493976,rollcp2,836.5752799999999,15,15,7.678786666666631,-0.20420000000001626,22.279678666666605,8.3657528,0.6744240722352938,inconclusive,0,,,0.8-1.0
u_bin,u_bin=0.8-1.0,edd,166,1.0,2014.2897024096385,rollcp2,836.5752799999999,15,15,2.261973333333289,-0.20535000000003548,6.099213333333279,8.3657528,0.6744240722352938,equivalent,1,,,0.8-1.0
u_bin,u_bin=0.8-1.0,lpt,166,1.0,12420.878290361446,rollcp2,836.5752799999999,15,15,56.31674666666666,5.76754666666662,134.16192533333341,8.3657528,0.1386406338132186,inconclusive,0,,,0.8-1.0
u_bin,u_bin=0.8-1.0,pfifo,166,1.0,2014.2897024096385,rollcp2,836.5752799999999,15,15,2.261973333333289,-0.20412200000001365,5.959579333333256,8.3657528,0.6744240722352938,equivalent,1,,,0.8-1.0
u_bin,u_bin=0.8-1.0,random,166,1.0,3716.1849204819273,rollcp2,836.5752799999999,15,15,16.974399999999946,0.6363913333333211,45.2941399999999,8.3657528,0.2626182904425206,inconclusive,0,,,0.8-1.0
u_bin,u_bin=0.8-1.0,rollcp2,15,0.09036144578313253,836.5752799999999,rollcp2,836.5752799999999,15,15,0.0,0.0,0.0,8.3657528,1.0,equivalent,1,,,0.8-1.0
u_bin,u_bin=0.8-1.0,v2rl301,166,1.0,2009.786095180723,rollcp2,836.5752799999999,15,15,0.23547999999996705,-0.6150666666666514,1.4177919999998403,8.3657528,0.32698934959801507,equivalent,1,,,0.8-1.0
u_bin,u_bin=0.8-1.0,v2rl302,166,1.0,2009.8831530120483,rollcp2,836.5752799999999,15,15,-0.35529333333339347,-1.0313573333333903,0.3291766666664952,8.3657528,0.09289194088370532,equivalent,1,,,0.8-1.0
u_bin,u_bin=0.8-1.0,v2rl303,166,1.0,2078.769345783133,rollcp2,836.5752799999999,15,15,-0.35529333333339347,-1.02860200000002,0.3305386666665814,8.3657528,0.09289194088370532,equivalent,1,,,0.8-1.0
u_bin,u_bin=0.8-1.0,v2rl304,166,1.0,2012.2542879518076,rollcp2,836.5752799999999,15,15,2.2826266666666224,-0.17311033333336312,6.8827196666666755,8.3657528,0.779434528427275,equivalent,1,,,0.8-1.0
u_bin,u_bin=0.8-1.0,v2rl305,166,1.0,2007.2344542168676,rollcp2,836.5752799999999,15,15,0.2492933333333042,-0.6390869999999773,1.507912999999923,8.3657528,0.16142946236708333,equivalent,1,,,0.8-1.0
u_bin,u_bin=0.8-1.0,v2rl306,166,1.0,2011.4546915662654,rollcp2,836.5752799999999,15,15,-0.03961333333338833,-0.6161386666666865,0.5393613333331891,8.3657528,0.5754030229127536,equivalent,1,,,0.8-1.0
u_bin,u_bin=0.8-1.0,v2rl307,166,1.0,2009.596577108434,rollcp2,836.5752799999999,15,15,0.5117999999999692,-0.3890106666666789,1.642421999999957,8.3657528,0.779434528427275,equivalent,1,,,0.8-1.0
u_bin,u_bin=0.8-1.0,v2rl308,166,1.0,2010.338708433735,rollcp2,836.5752799999999,15,15,2.417399999999943,-0.23697766666667988,7.218398666666544,8.3657528,0.6744240722352938,equivalent,1,,,0.8-1.0
u_bin,u_bin=0.8-1.0,v2rl309,166,1.0,2060.9106493975905,rollcp2,836.5752799999999,15,15,3.829079999999982,-0.23403233333334636,11.424311999999999,8.3657528,0.6744240722352938,inconclusive,0,,,0.8-1.0
u_bin,u_bin=0.8-1.0,v2rl310,166,1.0,2007.328791566265,rollcp2,836.5752799999999,15,15,1.0868799999999414,-0.4030399999999948,3.44178999999993,8.3657528,0.8886378608950078,equivalent,1,,,0.8-1.0
u_bin,u_bin=0.8-1.0,wmdd,166,1.0,2023.4577361445783,rollcp2,836.5752799999999,15,15,6.7713333333333345,-0.18465333333334494,17.465084333333337,8.3657528,0.6744240722352938,inconclusive,0,,,0.8-1.0
u_bin,u_bin=0.8-1.0,wspt,166,1.0,2185.894281927711,rollcp2,836.5752799999999,15,15,19.937159999999963,4.40359999999996,42.17349733333328,8.3657528,0.050612432239184685,inconclusive,0,,,0.8-1.0
u_bin,u_bin=1.0-1.2,atc,124,1.0,2744.5611225806456,rollcp2,631.8921750000001,8,8,-11.965650000000053,-43.95222500000007,6.742674999999949,6.318921750000001,1.0,inconclusive,0,,,1.0-1.2
u_bin,u_bin=1.0-1.2,edd,124,1.0,2718.3111629032255,rollcp2,631.8921750000001,8,8,-16.220650000000035,-51.69749999999999,2.9960999999998705,6.318921750000001,1.0,inconclusive,0,,,1.0-1.2
u_bin,u_bin=1.0-1.2,lpt,124,1.0,33111.38951935484,rollcp2,631.8921750000001,8,8,114.81097499999989,11.74164999999995,275.1676749999998,6.318921750000001,0.25,worse,0,,,1.0-1.2
u_bin,u_bin=1.0-1.2,pfifo,124,1.0,2717.8240274193545,rollcp2,631.8921750000001,8,8,-16.220650000000035,-51.69749999999999,2.9960999999998705,6.318921750000001,1.0,inconclusive,0,,,1.0-1.2
u_bin,u_bin=1.0-1.2,random,124,1.0,9413.30588064516,rollcp2,631.8921750000001,8,8,24.912499999999923,4.4515224999999825,53.198299999999875,6.318921750000001,0.25,inconclusive,0,,,1.0-1.2
u_bin,u_bin=1.0-1.2,rollcp2,8,0.06451612903225806,631.8921750000001,rollcp2,631.8921750000001,8,8,0.0,0.0,0.0,6.318921750000001,1.0,equivalent,1,,,1.0-1.2
u_bin,u_bin=1.0-1.2,v2rl301,124,1.0,2745.1159725806456,rollcp2,631.8921750000001,8,8,52.45949999999992,1.2595499999999475,119.89492499999994,6.318921750000001,0.25,inconclusive,0,,,1.0-1.2
u_bin,u_bin=1.0-1.2,v2rl302,124,1.0,2732.26220483871,rollcp2,631.8921750000001,8,8,17.254049999999935,0.7527499999999492,39.89522499999997,6.318921750000001,0.25,inconclusive,0,,,1.0-1.2
u_bin,u_bin=1.0-1.2,v2rl303,124,1.0,3000.9193612903223,rollcp2,631.8921750000001,8,8,53.304974999999885,0.7527499999999492,141.02707499999977,6.318921750000001,0.25,inconclusive,0,,,1.0-1.2
u_bin,u_bin=1.0-1.2,v2rl304,124,1.0,2716.4676000000004,rollcp2,631.8921750000001,8,8,5.336725000000001,0.26612500000007344,14.707724999999996,6.318921750000001,0.25,inconclusive,0,,,1.0-1.2
u_bin,u_bin=1.0-1.2,v2rl305,124,1.0,2723.2500306451607,rollcp2,631.8921750000001,8,8,24.261749999999893,0.8691499999999479,59.29069999999989,6.318921750000001,0.25,inconclusive,0,,,1.0-1.2
u_bin,u_bin=1.0-1.2,v2rl306,124,1.0,2747.906727419355,rollcp2,631.8921750000001,8,8,52.36459999999995,0.7606474999999483,120.90562500000004,6.318921750000001,0.25,inconclusive,0,,,1.0-1.2
u_bin,u_bin=1.0-1.2,v2rl307,124,1.0,2735.236406451613,rollcp2,631.8921750000001,8,8,51.54814999999998,0.8689474999999481,119.91255000000004,6.318921750000001,0.25,inconclusive,0,,,1.0-1.2
u_bin,u_bin=1.0-1.2,v2rl308,124,1.0,2718.4116758064515,rollcp2,631.8921750000001,8,8,1.7211499999999518,0.0,4.663299999999964,6.318921750000001,0.25,equivalent,1,,,1.0-1.2
u_bin,u_bin=1.0-1.2,v2rl309,124,1.0,2995.1958661290323,rollcp2,631.8921750000001,8,8,-15.71870000000007,-49.488150000000005,2.276399999999782,6.318921750000001,1.0,inconclusive,0,,,1.0-1.2
u_bin,u_bin=1.0-1.2,v2rl310,124,1.0,2713.436914516129,rollcp2,631.8921750000001,8,8,4.582699999999932,-0.02647500000000491,13.311074999999931,6.318921750000001,0.625,inconclusive,0,,,1.0-1.2
u_bin,u_bin=1.0-1.2,wmdd,124,1.0,2741.982572580645,rollcp2,631.8921750000001,8,8,-14.183975000000075,-46.00142500000001,3.1904999999997727,6.318921750000001,1.0,inconclusive,0,,,1.0-1.2
u_bin,u_bin=1.0-1.2,wspt,124,1.0,3219.568345967742,rollcp2,631.8921750000001,8,8,-4.271725000000018,-41.989975000000086,24.916049999999927,6.318921750000001,1.0,inconclusive,0,,,1.0-1.2
u_bin,u_bin=<0.5,atc,195,1.0,235.1378512820513,v2rl302,234.5710287179487,195,100,0.566822564102564,0.03703377777777778,1.2723213350333753,2.3457102871794873,0.017960477526078766,equivalent,1,,,<0.5
u_bin,u_bin=<0.5,edd,195,1.0,234.65056307692308,v2rl302,234.5710287179487,195,100,0.0795343589743582,0.0010144329896907016,0.21195851906158195,2.3457102871794873,0.06788915486182899,equivalent,1,,,<0.5
u_bin,u_bin=<0.5,lpt,195,1.0,234.88159282051282,v2rl302,234.5710287179487,195,100,0.3105641025641014,0.020334020618555458,0.7628349514563093,2.3457102871794873,0.043114446783075355,equivalent,1,,,<0.5
u_bin,u_bin=<0.5,pfifo,195,1.0,234.65056307692308,v2rl302,234.5710287179487,195,100,0.0795343589743582,0.0010092307692307493,0.21131658065753786,2.3457102871794873,0.06788915486182899,equivalent,1,,,<0.5
u_bin,u_bin=<0.5,random,195,1.0,235.4442676923077,v2rl302,234.5710287179487,195,100,0.8732389743589738,0.27170984693877553,1.669148195756058,2.3457102871794873,0.0014688499662158375,equivalent,1,,,<0.5
u_bin,u_bin=<0.5,rollcp2,59,0.30256410256410254,300.3870508474576,v2rl302,234.5710287179487,59,32,0.08906779661016605,0.004378779408044663,0.2344232496251881,3.0029798305084747,2.7788879871039243e-05,equivalent,1,,,<0.5
u_bin,u_bin=<0.5,v2rl301,195,1.0,234.6283415384615,v2rl302,234.5710287179487,195,100,0.05731282051282016,0.0,0.14957068062827097,2.3457102871794873,0.10880943004054568,equivalent,1,,,<0.5
u_bin,u_bin=<0.5,v2rl302,195,1.0,234.5710287179487,v2rl302,234.5710287179487,195,100,0.0,0.0,0.0,2.3457102871794873,1.0,equivalent,1,,,<0.5
u_bin,u_bin=<0.5,v2rl303,195,1.0,234.60509641025638,v2rl302,234.5710287179487,195,100,0.034067692307691036,0.0,0.10014874371858921,2.3457102871794873,0.17971249487899976,equivalent,1,,,<0.5
u_bin,u_bin=<0.5,v2rl304,195,1.0,234.68398358974358,v2rl302,234.5710287179487,195,100,0.11295487179487101,0.0,0.2685807516686882,2.3457102871794873,0.10880943004054568,equivalent,1,,,<0.5
u_bin,u_bin=<0.5,v2rl305,195,1.0,234.60575282051283,v2rl302,234.5710287179487,195,100,0.03472410256410326,0.0,0.09741389125295721,2.3457102871794873,0.10880943004054568,equivalent,1,,,<0.5
u_bin,u_bin=<0.5,v2rl306,195,1.0,234.8055476923077,v2rl302,234.5710287179487,195,100,0.23451897435897523,0.0,0.6550930481283439,2.3457102871794873,0.06788915486182899,equivalent,1,,,<0.5
u_bin,u_bin=<0.5,v2rl307,195,1.0,234.6209323076923,v2rl302,234.5710287179487,195,100,0.049903589743590625,0.0,0.129971891891895,2.3457102871794873,0.10880943004054568,equivalent,1,,,<0.5
u_bin,u_bin=<0.5,v2rl308,195,1.0,234.6484646153846,v2rl302,234.5710287179487,195,100,0.0774358974358961,0.0,0.22679775346779055,2.3457102871794873,0.10880943004054568,equivalent,1,,,<0.5
u_bin,u_bin=<0.5,v2rl309,195,1.0,234.7815169230769,v2rl302,234.5710287179487,195,100,0.21048820512820438,0.042440425531914176,0.43426552036776767,2.3457102871794873,0.04216819709715596,equivalent,1,,,<0.5
u_bin,u_bin=<0.5,v2rl310,195,1.0,234.5759507692308,v2rl302,234.5710287179487,195,100,0.00492205128205056,-0.0072749999999985,0.02234226804123339,2.3457102871794873,0.6547208460185769,equivalent,1,,,<0.5
u_bin,u_bin=<0.5,wmdd,195,1.0,235.12146564102565,v2rl302,234.5710287179487,195,100,0.5504369230769247,0.042034871794871774,1.2632750343222874,2.3457102871794873,0.017960477526078766,equivalent,1,,,<0.5
u_bin,u_bin=<0.5,wspt,195,1.0,235.98889128205127,v2rl302,234.5710287179487,195,100,1.4178625641025644,0.4879287734487737,2.593423293788531,2.3457102871794873,0.00013121408685711018,inconclusive,0,,,<0.5
u_bin,u_bin=>=1.2,atc,179,1.0,1729.3418407821232,rollcp2,264.21858620689653,29,16,10.77022758620691,-0.0103172413793059,35.28062952380953,2.6421858620689656,0.9162824413291019,inconclusive,0,,,>=1.2
u_bin,u_bin=>=1.2,edd,179,1.0,1718.143169273743,rollcp2,264.21858620689653,29,16,33.178551724137954,-0.010239999999996599,94.89297525000008,2.6421858620689656,0.9162824413291019,inconclusive,0,,,>=1.2
u_bin,u_bin=>=1.2,lpt,179,1.0,37639.08770837989,rollcp2,264.21858620689653,29,16,303.39353103448275,-0.010401739130428446,879.8179142857142,2.6421858620689656,0.9162824413291019,inconclusive,0,,,>=1.2
u_bin,u_bin=>=1.2,pfifo,179,1.0,1718.1511882681561,rollcp2,264.21858620689653,29,16,33.178551724137954,-0.010348387096771163,98.38907615384619,2.6421858620689656,0.9162824413291019,inconclusive,0,,,>=1.2
u_bin,u_bin=>=1.2,random,179,1.0,12140.416125139662,rollcp2,264.21858620689653,29,16,88.20735862068966,0.5337325925925958,266.8522270604396,2.6421858620689656,0.03569190011680441,inconclusive,0,,,>=1.2
u_bin,u_bin=>=1.2,rollcp2,29,0.16201117318435754,264.21858620689653,rollcp2,264.21858620689653,29,16,0.0,0.0,0.0,2.6421858620689656,1.0,equivalent,1,,,>=1.2
u_bin,u_bin=>=1.2,v2rl301,179,1.0,1875.660994413408,rollcp2,264.21858620689653,29,16,182.06171034482762,-0.010586666666661889,527.99028,2.6421858620689656,0.9162824413291019,inconclusive,0,,,>=1.2
u_bin,u_bin=>=1.2,v2rl302,179,1.0,1790.351717318436,rollcp2,264.21858620689653,29,16,33.29986206896554,-0.00996768253968034,111.42686480000006,2.6421858620689656,0.9162824413291019,inconclusive,0,,,>=1.2
u_bin,u_bin=>=1.2,v2rl303,179,1.0,2622.6831966480445,rollcp2,264.21858620689653,29,16,220.66684137931043,-0.01004444444443893,638.6274375595236,2.6421858620689656,0.9162824413291019,inconclusive,0,,,>=1.2
u_bin,u_bin=>=1.2,v2rl304,179,1.0,1722.4802782122906,rollcp2,264.21858620689653,29,16,99.38821379310346,-0.010586666666661889,299.00916083333334,2.6421858620689656,0.9162824413291019,inconclusive,0,,,>=1.2
u_bin,u_bin=>=1.2,v2rl305,179,1.0,1783.4350558659219,rollcp2,264.21858620689653,29,16,158.50993793103444,-0.01007999999999735,475.6056838859407,2.6421858620689656,0.9162824413291019,inconclusive,0,,,>=1.2
u_bin,u_bin=>=1.2,v2rl306,179,1.0,1847.712661452514,rollcp2,264.21858620689653,29,16,190.21239999999997,-0.010586666666661889,539.6069436363634,2.6421858620689656,0.9162824413291019,inconclusive,0,,,>=1.2
u_bin,u_bin=>=1.2,v2rl307,179,1.0,1825.5029229050278,rollcp2,264.21858620689653,29,16,167.1550551724138,-0.01034285714285131,480.08208195652094,2.6421858620689656,0.9162824413291019,inconclusive,0,,,>=1.2
u_bin,u_bin=>=1.2,v2rl308,179,1.0,1729.0298290502797,rollcp2,264.21858620689653,29,16,120.31030344827587,-0.010348387096771163,397.74993,2.6421858620689656,0.9162824413291019,inconclusive,0,,,>=1.2
u_bin,u_bin=>=1.2,v2rl309,179,1.0,2479.1456843575425,rollcp2,264.21858620689653,29,16,91.92617241379308,-0.010218181818174799,302.80570833333326,2.6421858620689656,0.9162824413291019,inconclusive,0,,,>=1.2
u_bin,u_bin=>=1.2,v2rl310,179,1.0,1717.1265318435755,rollcp2,264.21858620689653,29,16,39.70924137931035,-0.010064516129030806,110.79073769230772,2.6421858620689656,0.9162824413291019,inconclusive,0,,,>=1.2
u_bin,u_bin=>=1.2,wmdd,179,1.0,1721.7309944134079,rollcp2,264.21858620689653,29,16,3.520558620689671,-0.010607407407399528,11.675925000000063,2.6421858620689656,0.9162824413291019,inconclusive,0,,,>=1.2
u_bin,u_bin=>=1.2,wspt,179,1.0,2442.178861452514,rollcp2,264.21858620689653,29,16,16.232565517241397,1.341917241379311,48.471766865942094,2.6421858620689656,0.009632975772588674,inconclusive,0,,,>=1.2
