scope_type,scope,method,n_rows,mean,regime,crew_multiplier,u_bin
overall,ALL,atc,887,1436.440227395716,,,
overall,ALL,edd,887,1428.096066854566,,,
overall,ALL,lpt,887,14898.353685907554,,,
overall,ALL,pfifo,887,1428.029585005637,,,
overall,ALL,random,887,4790.174193686583,,,
overall,ALL,rollcp2,160,510.40927375,,,
overall,ALL,v2rl301,887,1462.6223954904171,,,
overall,ALL,v2rl302,887,1443.636154002255,,,
overall,ALL,v2rl303,887,1662.1289125140925,,,
overall,ALL,v2rl304,887,1428.3167341600904,,,
overall,ALL,v2rl305,887,1440.476807666291,,,
overall,ALL,v2rl306,887,1457.729516121759,,,
overall,ALL,v2rl307,887,1451.1049799323562,,,
overall,ALL,v2rl308,887,1429.436159188275,,,
overall,ALL,v2rl309,887,1629.2521087936868,,,
overall,ALL,v2rl310,887,1425.73302367531,,,
overall,ALL,wmdd,887,1434.3142735062006,,,
overall,ALL,wspt,887,1678.3710122886134,,,
scope,regime=final-empirical|crew_multiplier=0.6,atc,180,456.44054111111114,final-empirical,0.6,
scope,regime=final-empirical|crew_multiplier=0.6,edd,180,451.7136088888889,final-empirical,0.6,
scope,regime=final-empirical|crew_multiplier=0.6,lpt,180,536.7492233333334,final-empirical,0.6,
scope,regime=final-empirical|crew_multiplier=0.6,pfifo,180,451.7136088888889,final-empirical,0.6,
scope,regime=final-empirical|crew_multiplier=0.6,random,180,479.3151577777778,final-empirical,0.6,
scope,regime=final-empirical|crew_multiplier=0.6,rollcp2,48,510.0464625,final-empirical,0.6,
scope,regime=final-empirical|crew_multiplier=0.6,v2rl301,180,451.6493433333334,final-empirical,0.6,
scope,regime=final-empirical|crew_multiplier=0.6,v2rl302,180,450.2457377777778,final-empirical,0.6,
scope,regime=final-empirical|crew_multiplier=0.6,v2rl303,180,450.3482633333333,final-empirical,0.6,
scope,regime=final-empirical|crew_multiplier=0.6,v2rl304,180,450.5671966666667,final-empirical,0.6,
scope,regime=final-empirical|crew_multiplier=0.6,v2rl305,180,450.53495888888887,final-empirical,0.6,
scope,regime=final-empirical|crew_multiplier=0.6,v2rl306,180,453.91020555555554,final-empirical,0.6,
scope,regime=final-empirical|crew_multiplier=0.6,v2rl307,180,451.1339088888889,final-empirical,0.6,
scope,regime=final-empirical|crew_multiplier=0.6,v2rl308,180,450.97508555555555,final-empirical,0.6,
scope,regime=final-empirical|crew_multiplier=0.6,v2rl309,180,453.44436777777776,final-empirical,0.6,
scope,regime=final-empirical|crew_multiplier=0.6,v2rl310,180,450.37308222222225,final-empirical,0.6,
scope,regime=final-empirical|crew_multiplier=0.6,wmdd,180,455.0836822222222,final-empirical,0.6,
scope,regime=final-empirical|crew_multiplier=0.6,wspt,180,463.7768022222222,final-empirical,0.6,
scope,regime=final-empirical|crew_multiplier=0.8,atc,180,448.1663633333333,final-empirical,0.8,
scope,regime=final-empirical|crew_multiplier=0.8,edd,180,446.6359855555556,final-empirical,0.8,
scope,regime=final-empirical|crew_multiplier=0.8,lpt,180,455.33090555555555,final-empirical,0.8,
scope,regime=final-empirical|crew_multiplier=0.8,pfifo,180,446.6359855555556,final-empirical,0.8,
scope,regime=final-empirical|crew_multiplier=0.8,random,180,450.5859366666667,final-empirical,0.8,
scope,regime=final-empirical|crew_multiplier=0.8,rollcp2,48,506.0364666666667,final-empirical,0.8,
scope,regime=final-empirical|crew_multiplier=0.8,v2rl301,180,446.2874366666666,final-empirical,0.8,
scope,regime=final-empirical|crew_multiplier=0.8,v2rl302,180,446.32465444444443,final-empirical,0.8,
scope,regime=final-empirical|crew_multiplier=0.8,v2rl303,180,446.31832333333335,final-empirical,0.8,
scope,regime=final-empirical|crew_multiplier=0.8,v2rl304,180,446.63493,final-empirical,0.8,
scope,regime=final-empirical|crew_multiplier=0.8,v2rl305,180,446.3163366666667,final-empirical,0.8,
scope,regime=final-empirical|crew_multiplier=0.8,v2rl306,180,446.7369966666667,final-empirical,0.8,
scope,regime=final-empirical|crew_multiplier=0.8,v2rl307,180,446.29960777777785,final-empirical,0.8,
scope,regime=final-empirical|crew_multiplier=0.8,v2rl308,180,446.4653388888889,final-empirical,0.8,
scope,regime=final-empirical|crew_multiplier=0.8,v2rl309,180,447.14385666666664,final-empirical,0.8,
scope,regime=final-empirical|crew_multiplier=0.8,v2rl310,180,446.37114777777776,final-empirical,0.8,
scope,regime=final-empirical|crew_multiplier=0.8,wmdd,180,447.54666888888886,final-empirical,0.8,
scope,regime=final-empirical|crew_multiplier=0.8,wspt,180,450.36247000000003,final-empirical,0.8,
scope,regime=final-empirical|crew_multiplier=1.0,atc,227,457.70226696035246,final-empirical,1.0,
scope,regime=final-empirical|crew_multiplier=1.0,edd,227,461.5920872246696,final-empirical,1.0,
scope,regime=final-empirical|crew_multiplier=1.0,lpt,227,559.7954599118942,final-empirical,1.0,
scope,regime=final-empirical|crew_multiplier=1.0,pfifo,227,461.5920872246696,final-empirical,1.0,
scope,regime=final-empirical|crew_multiplier=1.0,random,227,487.14997533039644,final-empirical,1.0,
scope,regime=final-empirical|crew_multiplier=1.0,rollcp2,64,513.9609875,final-empirical,1.0,
scope,regime=final-empirical|crew_multiplier=1.0,v2rl301,227,501.9378185022026,final-empirical,1.0,
scope,regime=final-empirical|crew_multiplier=1.0,v2rl302,227,469.61575859030836,final-empirical,1.0,
scope,regime=final-empirical|crew_multiplier=1.0,v2rl303,227,525.916131277533,final-empirical,1.0,
scope,regime=final-empirical|crew_multiplier=1.0,v2rl304,227,471.7228537444934,final-empirical,1.0,
scope,regime=final-empirical|crew_multiplier=1.0,v2rl305,227,492.1600792951542,final-empirical,1.0,
scope,regime=final-empirical|crew_multiplier=1.0,v2rl306,227,502.93699735682816,final-empirical,1.0,
scope,regime=final-empirical|crew_multiplier=1.0,v2rl307,227,494.45946872246697,final-empirical,1.0,
scope,regime=final-empirical|crew_multiplier=1.0,v2rl308,227,475.1610449339208,final-empirical,1.0,
scope,regime=final-empirical|crew_multiplier=1.0,v2rl309,227,472.2694854625551,final-empirical,1.0,
scope,regime=final-empirical|crew_multiplier=1.0,v2rl310,227,462.4837118942732,final-empirical,1.0,
scope,regime=final-empirical|crew_multiplier=1.0,wmdd,227,454.9875286343613,final-empirical,1.0,
scope,regime=final-empirical|crew_multiplier=1.0,wspt,227,461.6134149779736,final-empirical,1.0,
scope,regime=final-gen|crew_multiplier=1.0,atc,300,3357.982747666667,final-gen,1.0,
scope,regime=final-gen|crew_multiplier=1.0,edd,300,3334.122935,final-gen,1.0,
scope,regime=final-gen|crew_multiplier=1.0,lpt,300,43030.63908933334,final-gen,1.0,
scope,regime=final-gen|crew_multiplier=1.0,pfifo,300,3333.9263703333336,final-gen,1.0,
scope,regime=final-gen|crew_multiplier=1.0,random,300,13236.397561333331,final-gen,1.0,
scope,regime=final-gen|crew_multiplier=1.0,v2rl301,300,3405.925198666667,final-gen,1.0,
scope,regime=final-gen|crew_multiplier=1.0,v2rl302,300,3375.0660693333334,final-gen,1.0,
scope,regime=final-gen|crew_multiplier=1.0,v2rl303,300,3978.4179933333335,final-gen,1.0,
scope,regime=final-gen|crew_multiplier=1.0,v2rl304,300,3327.798242,final-gen,1.0,
scope,regime=final-gen|crew_multiplier=1.0,v2rl305,300,3348.4978573333333,final-gen,1.0,
scope,regime=final-gen|crew_multiplier=1.0,v2rl306,300,3389.076286666667,final-gen,1.0,
scope,regime=final-gen|crew_multiplier=1.0,v2rl307,300,3377.832616,final-gen,1.0,
scope,regime=final-gen|crew_multiplier=1.0,v2rl308,300,3328.3634653333334,final-gen,1.0,
scope,regime=final-gen|crew_multiplier=1.0,v2rl309,300,3919.4518896666664,final-gen,1.0,
scope,regime=final-gen|crew_multiplier=1.0,v2rl310,300,3327.4247600000003,final-gen,1.0,
scope,regime=final-gen|crew_multiplier=1.0,wmdd,300,3354.9370946666663,final-gen,1.0,
scope,regime=final-gen|crew_multiplier=1.0,wspt,300,4064.612579,final-gen,1.0,
u_bin,u_bin=0.5-0.8,atc,223,1086.939262780269,,,0.5-0.8
u_bin,u_bin=0.5-0.8,edd,223,1085.0854233183857,,,0.5-0.8
u_bin,u_bin=0.5-0.8,lpt,223,1183.6906385650225,,,0.5-0.8
u_bin,u_bin=0.5-0.8,pfifo,223,1085.0854233183857,,,0.5-0.8
u_bin,u_bin=0.5-0.8,random,223,1101.8016376681614,,,0.5-0.8
u_bin,u_bin=0.5-0.8,rollcp2,49,789.3171877551022,,,0.5-0.8
u_bin,u_bin=0.5-0.8,v2rl301,223,1084.4455058295964,,,0.5-0.8
u_bin,u_bin=0.5-0.8,v2rl302,223,1084.5284475336323,,,0.5-0.8
u_bin,u_bin=0.5-0.8,v2rl303,223,1084.7997632286995,,,0.5-0.8
u_bin,u_bin=0.5-0.8,v2rl304,223,1084.9928358744394,,,0.5-0.8
u_bin,u_bin=0.5-0.8,v2rl305,223,1084.466405381166,,,0.5-0.8
u_bin,u_bin=0.5-0.8,v2rl306,223,1084.4686977578476,,,0.5-0.8
u_bin,u_bin=0.5-0.8,v2rl307,223,1084.5366188340806,,,0.5-0.8
u_bin,u_bin=0.5-0.8,v2rl308,223,1084.5641695067263,,,0.5-0.8
u_bin,u_bin=0.5-0.8,v2rl309,223,1085.5681255605382,,,0.5-0.8
u_bin,u_bin=0.5-0.8,v2rl310,223,1084.459531838565,,,0.5-0.8
u_bin,u_bin=0.5-0.8,wmdd,223,1086.5399264573991,,,0.5-0.8
u_bin,u_bin=0.5-0.8,wspt,223,1091.7592475336323,,,0.5-0.8
u_bin,u_bin=0.8-1.0,atc,166,2024.128773493976,,,0.8-1.0
u_bin,u_bin=0.8-1.0,edd,166,2014.2897024096385,,,0.8-1.0
u_bin,u_bin=0.8-1.0,lpt,166,12420.878290361446,,,0.8-1.0
u_bin,u_bin=0.8-1.0,pfifo,166,2014.2897024096385,,,0.8-1.0
u_bin,u_bin=0.8-1.0,random,166,3716.1849204819273,,,0.8-1.0
u_bin,u_bin=0.8-1.0,rollcp2,15,836.5752799999999,,,0.8-1.0
u_bin,u_bin=0.8-1.0,v2rl301,166,2009.786095180723,,,0.8-1.0
u_bin,u_bin=0.8-1.0,v2rl302,166,2009.8831530120483,,,0.8-1.0
u_bin,u_bin=0.8-1.0,v2rl303,166,2078.769345783133,,,0.8-1.0
u_bin,u_bin=0.8-1.0,v2rl304,166,2012.2542879518076,,,0.8-1.0
u_bin,u_bin=0.8-1.0,v2rl305,166,2007.2344542168676,,,0.8-1.0
u_bin,u_bin=0.8-1.0,v2rl306,166,2011.4546915662654,,,0.8-1.0
u_bin,u_bin=0.8-1.0,v2rl307,166,2009.596577108434,,,0.8-1.0
u_bin,u_bin=0.8-1.0,v2rl308,166,2010.338708433735,,,0.8-1.0
u_bin,u_bin=0.8-1.0,v2rl309,166,2060.9106493975905,,,0.8-1.0
u_bin,u_bin=0.8-1.0,v2rl310,166,2007.328791566265,,,0.8-1.0
u_bin,u_bin=0.8-1.0,wmdd,166,2023.4577361445783,,,0.8-1.0
u_bin,u_bin=0.8-1.0,wspt,166,2185.894281927711,,,0.8-1.0
u_bin,u_bin=1.0-1.2,atc,124,2744.5611225806456,,,1.0-1.2
u_bin,u_bin=1.0-1.2,edd,124,2718.3111629032255,,,1.0-1.2
u_bin,u_bin=1.0-1.2,lpt,124,33111.38951935484,,,1.0-1.2
u_bin,u_bin=1.0-1.2,pfifo,124,2717.8240274193545,,,1.0-1.2
u_bin,u_bin=1.0-1.2,random,124,9413.30588064516,,,1.0-1.2
u_bin,u_bin=1.0-1.2,rollcp2,8,631.8921750000001,,,1.0-1.2
u_bin,u_bin=1.0-1.2,v2rl301,124,2745.1159725806456,,,1.0-1.2
u_bin,u_bin=1.0-1.2,v2rl302,124,2732.26220483871,,,1.0-1.2
u_bin,u_bin=1.0-1.2,v2rl303,124,3000.9193612903223,,,1.0-1.2
u_bin,u_bin=1.0-1.2,v2rl304,124,2716.4676000000004,,,1.0-1.2
u_bin,u_bin=1.0-1.2,v2rl305,124,2723.2500306451607,,,1.0-1.2
u_bin,u_bin=1.0-1.2,v2rl306,124,2747.906727419355,,,1.0-1.2
u_bin,u_bin=1.0-1.2,v2rl307,124,2735.236406451613,,,1.0-1.2
u_bin,u_bin=1.0-1.2,v2rl308,124,2718.4116758064515,,,1.0-1.2
u_bin,u_bin=1.0-1.2,v2rl309,124,2995.1958661290323,,,1.0-1.2
u_bin,u_bin=1.0-1.2,v2rl310,124,2713.436914516129,,,1.0-1.2
u_bin,u_bin=1.0-1.2,wmdd,124,2741.982572580645,,,1.0-1.2
u_bin,u_bin=1.0-1.2,wspt,124,3219.568345967742,,,1.0-1.2
u_bin,u_bin=<0.5,atc,195,235.1378512820513,,,<0.5
u_bin,u_bin=<0.5,edd,195,234.65056307692308,,,<0.5
u_bin,u_bin=<0.5,lpt,195,234.88159282051282,,,<0.5
u_bin,u_bin=<0.5,pfifo,195,234.65056307692308,,,<0.5
u_bin,u_bin=<0.5,random,195,235.4442676923077,,,<0.5
u_bin,u_bin=<0.5,rollcp2,59,300.3870508474576,,,<0.5
u_bin,u_bin=<0.5,v2rl301,195,234.6283415384615,,,<0.5
u_bin,u_bin=<0.5,v2rl302,195,234.5710287179487,,,<0.5
u_bin,u_bin=<0.5,v2rl303,195,234.60509641025638,,,<0.5
u_bin,u_bin=<0.5,v2rl304,195,234.68398358974358,,,<0.5
u_bin,u_bin=<0.5,v2rl305,195,234.60575282051283,,,<0.5
u_bin,u_bin=<0.5,v2rl306,195,234.8055476923077,,,<0.5
u_bin,u_bin=<0.5,v2rl307,195,234.6209323076923,,,<0.5
u_bin,u_bin=<0.5,v2rl308,195,234.6484646153846,,,<0.5
u_bin,u_bin=<0.5,v2rl309,195,234.7815169230769,,,<0.5
u_bin,u_bin=<0.5,v2rl310,195,234.5759507692308,,,<0.5
u_bin,u_bin=<0.5,wmdd,195,235.12146564102565,,,<0.5
u_bin,u_bin=<0.5,wspt,195,235.98889128205127,,,<0.5
u_bin,u_bin=>=1.2,atc,179,1729.3418407821232,,,>=1.2
u_bin,u_bin=>=1.2,edd,179,1718.143169273743,,,>=1.2
u_bin,u_bin=>=1.2,lpt,179,37639.08770837989,,,>=1.2
u_bin,u_bin=>=1.2,pfifo,179,1718.1511882681561,,,>=1.2
u_bin,u_bin=>=1.2,random,179,12140.416125139662,,,>=1.2
u_bin,u_bin=>=1.2,rollcp2,29,264.21858620689653,,,>=1.2
u_bin,u_bin=>=1.2,v2rl301,179,1875.660994413408,,,>=1.2
u_bin,u_bin=>=1.2,v2rl302,179,1790.351717318436,,,>=1.2
u_bin,u_bin=>=1.2,v2rl303,179,2622.6831966480445,,,>=1.2
u_bin,u_bin=>=1.2,v2rl304,179,1722.4802782122906,,,>=1.2
u_bin,u_bin=>=1.2,v2rl305,179,1783.4350558659219,,,>=1.2
u_bin,u_bin=>=1.2,v2rl306,179,1847.712661452514,,,>=1.2
u_bin,u_bin=>=1.2,v2rl307,179,1825.5029229050278,,,>=1.2
u_bin,u_bin=>=1.2,v2rl308,179,1729.0298290502797,,,>=1.2
u_bin,u_bin=>=1.2,v2rl309,179,2479.1456843575425,,,>=1.2
u_bin,u_bin=>=1.2,v2rl310,179,1717.1265318435755,,,>=1.2
u_bin,u_bin=>=1.2,wmdd,179,1721.7309944134079,,,>=1.2
u_bin,u_bin=>=1.2,wspt,179,2442.178861452514,,,>=1.2
